label;region_name;Score_Max;hemisphere
1;A;12600-13999;left
2;AB;0-01400;left
3;AC;01400-02799;left
4;ACH;0-01400;left
5;AD;12600-13999;left
6;ADB;01400-02799;left
7;ADC;04200-05599;left
8;ADCE;01400-02799;left
9;ADCG;02800-04199;left
10;ADCH;01400-02799;left
11;ADCI;01400-02799;left
12;ADCJ;0-01400;left
13;ADCK;01400-02799;left
14;ADCL;01400-02799;left
15;ADE;02800-04199;left
16;ADEC;01400-02799;left
17;ADEF;0-01400;left
18;ADEG;01400-02799;left
19;ADEH;01400-02799;left
20;ADEK;01400-02799;left
21;ADEL;02800-04199;left
22;ADEM;01400-02799;left
23;ADF;12600-13999;left
24;ADFB;12600-13999;left
25;ADFBC;04200-05599;left
26;ADFBCG;01400-02799;left
27;ADFBCH;02800-04199;left
28;ADFBE;12600-13999;left
29;ADFBEC;12600-13999;left
30;ADFBECG;05600-06999;left
31;ADFBECH;07000-08399;left
32;ADFBECHM;02800-04199;left
33;ADFBECI;05600-06999;left
34;ADFBECJ;05600-06999;left
35;ADFBECK;07000-08399;left
36;ADFBECKH;04200-05599;left
37;ADFBECKI;04200-05599;left
38;ADFBECKJ;04200-05599;left
39;ADFBECKL;04200-05599;left
40;ADFBECKM;05600-06999;left
41;ADFBECL;05600-06999;left
42;ADFBECM;12600-13999;left
43;ADFBECMG;05600-06999;left
44;ADFBECMH;05600-06999;left
45;ADFBECMI;07000-08399;left
46;ADFBECMIG;07000-08399;left
47;ADFBECMIH;07000-08399;left
48;ADFBECMIJ;07000-08399;left
49;ADFBECMIK;07000-08399;left
50;ADFBECMIL;05600-06999;left
51;ADFBECMJ;07000-08399;left
52;ADFBECMK;12600-13999;left
53;ADFBECMKG;09800-11199;left
54;ADFBECMKGJ;07000-08399;left
55;ADFBECMKH;12600-13999;left
56;ADFBECMKHG;12600-13999;left
57;ADFBECMKHGI;12600-13999;left
58;ADFBECMKHGIJ;12600-13999;left
59;ADFBECMKHGIL;12600-13999;left
60;ADFBECMKHGILJ;12600-13999;left
61;ADFBECMKHGJ;11200-12599;left
62;ADFBECMKHGL;11200-12599;left
63;ADFBECMKHI;08400-09799;left
64;ADFBECMKHJ;09800-11199;left
65;ADFBECMKHL;08400-09799;left
66;ADFBECMKI;07000-08399;left
67;ADFBECMKJ;09800-11199;left
68;ADFBECMKJG;08400-09799;left
69;ADFBECMKJH;09800-11199;left
70;ADFBECMKJI;09800-11199;left
71;ADFBECMKJL;07000-08399;left
72;ADFBECMKL;07000-08399;left
73;ADFBECML;05600-06999;left
74;ADFBEG;04200-05599;left
75;ADFBEH;04200-05599;left
76;ADFBEI;04200-05599;left
77;ADFBEJ;02800-04199;left
78;ADFBEK;04200-05599;left
79;ADFBEL;04200-05599;left
80;ADFBEM;04200-05599;left
81;ADFBG;02800-04199;left
82;ADFBH;02800-04199;left
83;ADFBI;02800-04199;left
84;ADFBJ;04200-05599;left
85;ADFBJC;02800-04199;left
86;ADFBJI;02800-04199;left
87;ADFBJL;02800-04199;left
88;ADFBJM;01400-02799;left
89;ADFBK;02800-04199;left
90;ADFBL;02800-04199;left
91;ADFBM;02800-04199;left
92;ADFC;01400-02799;left
93;ADFE;02800-04199;left
94;ADFEH;01400-02799;left
95;ADFEL;01400-02799;left
96;ADFEM;01400-02799;left
97;ADFG;02800-04199;left
98;ADFGH;01400-02799;left
99;ADFH;01400-02799;left
100;ADFI;01400-02799;left
101;ADFJ;04200-05599;left
102;ADFJH;01400-02799;left
103;ADFJM;01400-02799;left
104;ADFK;02800-04199;left
105;ADFL;02800-04199;left
106;ADFM;04200-05599;left
107;ADFMB;02800-04199;left
108;ADFMC;02800-04199;left
109;ADFME;01400-02799;left
110;ADFMG;02800-04199;left
111;ADFMH;02800-04199;left
112;ADFMI;01400-02799;left
113;ADFMJ;02800-04199;left
114;ADFMK;01400-02799;left
115;ADG;02800-04199;left
116;ADGC;0-01400;left
117;ADGH;0-01400;left
118;ADH;02800-04199;left
119;ADHM;0-01400;left
120;ADI;02800-04199;left
121;ADIM;01400-02799;left
122;ADJ;01400-02799;left
123;ADK;02800-04199;left
124;ADKB;0-01400;left
125;ADL;01400-02799;left
126;ADM;01400-02799;left
127;AE;01400-02799;left
128;AEB;0-01400;left
129;AF;01400-02799;left
130;AG;01400-02799;left
131;AH;01400-02799;left
132;AI;01400-02799;left
133;AJ;01400-02799;left
134;AK;01400-02799;left
135;AL;01400-02799;left
136;AM;04200-05599;left
137;AMD;0-01400;left
138;AME;0-01400;left
139;AMH;0-01400;left
140;AMJ;0-01400;left
141;AMK;0-01400;left
142;A;12600-13999;right
143;B;12600-13999;right
144;C;12600-13999;right
145;D;12600-13999;right
146;E;12600-13999;right
147;F;12600-13999;right
148;G;12600-13999;right
149;H;12600-13999;right
150;I;12600-13999;right
151;J;12600-13999;right
152;K;12600-13999;right
153;L;12600-13999;right
154;M;12600-13999;right
155;A;0-01400;right
156;B;0-01400;right
157;C;0-01400;right
158;D;0-01400;right
159;E;0-01400;right
160;F;0-01400;right
161;G;0-01400;right
162;H;0-01400;right
163;I;0-01400;right
164;J;0-01400;right
165;K;0-01400;right
166;L;0-01400;right
167;M;0-01400;right
168;A;01400-02799;right
169;B;01400-02799;right
170;C;01400-02799;right
171;D;01400-02799;right
172;E;01400-02799;right
173;F;01400-02799;right
174;G;01400-02799;right
175;H;01400-02799;right
176;I;01400-02799;right
177;J;01400-02799;right
178;K;01400-02799;right
179;L;01400-02799;right
180;M;01400-02799;right
181;A;0-01400;right
182;B;0-01400;right
183;C;0-01400;right
184;D;0-01400;right
185;E;0-01400;right
186;F;0-01400;right
187;G;0-01400;right
188;H;0-01400;right
189;I;0-01400;right
190;J;0-01400;right
191;K;0-01400;right
192;L;0-01400;right
193;M;0-01400;right
194;A;12600-13999;right
195;B;12600-13999;right
196;C;12600-13999;right
197;D;12600-13999;right
198;E;12600-13999;right
199;F;12600-13999;right
200;G;12600-13999;right
201;H;12600-13999;right
202;I;12600-13999;right
203;J;12600-13999;right
204;K;12600-13999;right
205;L;12600-13999;right
206;M;12600-13999;right
207;A;01400-02799;right
208;B;01400-02799;right
209;C;01400-02799;right
210;D;01400-02799;right
211;E;01400-02799;right
212;F;01400-02799;right
213;G;01400-02799;right
214;H;01400-02799;right
215;I;01400-02799;right
216;J;01400-02799;right
217;K;01400-02799;right
218;L;01400-02799;right
219;M;01400-02799;right
220;A;04200-05599;right
221;B;04200-05599;right
222;C;04200-05599;right
223;D;04200-05599;right
224;E;04200-05599;right
225;F;04200-05599;right
226;G;04200-05599;right
227;H;04200-05599;right
228;I;04200-05599;right
229;J;04200-05599;right
230;K;04200-05599;right
231;L;04200-05599;right
232;M;04200-05599;right
233;A;01400-02799;right
234;B;01400-02799;right
235;C;01400-02799;right
236;D;01400-02799;right
237;E;01400-02799;right
238;F;01400-02799;right
239;G;01400-02799;right
240;H;01400-02799;right
241;I;01400-02799;right
242;J;01400-02799;right
243;K;01400-02799;right
244;L;01400-02799;right
245;M;01400-02799;right
246;A;02800-04199;right
247;B;02800-04199;right
248;C;02800-04199;right
249;D;02800-04199;right
250;E;02800-04199;right
251;F;02800-04199;right
252;G;02800-04199;right
253;H;02800-04199;right
254;I;02800-04199;right
255;J;02800-04199;right
256;K;02800-04199;right
257;L;02800-04199;right
258;M;02800-04199;right
259;A;01400-02799;right
260;B;01400-02799;right
261;C;01400-02799;right
262;D;01400-02799;right
263;E;01400-02799;right
264;F;01400-02799;right
265;G;01400-02799;right
266;H;01400-02799;right
267;I;01400-02799;right
268;J;01400-02799;right
269;K;01400-02799;right
270;L;01400-02799;right
271;M;01400-02799;right
272;A;01400-02799;right
273;B;01400-02799;right
274;C;01400-02799;right
275;D;01400-02799;right
276;E;01400-02799;right
277;F;01400-02799;right
278;G;01400-02799;right
279;H;01400-02799;right
280;I;01400-02799;right
281;J;01400-02799;right
282;K;01400-02799;right
283;L;01400-02799;right
284;M;01400-02799;right
285;A;0-01400;right
286;B;0-01400;right
287;C;0-01400;right
288;D;0-01400;right
289;E;0-01400;right
290;F;0-01400;right
291;G;0-01400;right
292;H;0-01400;right
293;I;0-01400;right
294;J;0-01400;right
295;K;0-01400;right
296;L;0-01400;right
297;M;0-01400;right
298;A;01400-02799;right
299;B;01400-02799;right
300;C;01400-02799;right
301;D;01400-02799;right
302;E;01400-02799;right
303;F;01400-02799;right
304;G;01400-02799;right
305;H;01400-02799;right
306;I;01400-02799;right
307;J;01400-02799;right
308;K;01400-02799;right
309;L;01400-02799;right
310;M;01400-02799;right
311;A;01400-02799;right
312;B;01400-02799;right
313;C;01400-02799;right
314;D;01400-02799;right
315;E;01400-02799;right
316;F;01400-02799;right
317;G;01400-02799;right
318;H;01400-02799;right
319;I;01400-02799;right
320;J;01400-02799;right
321;K;01400-02799;right
322;L;01400-02799;right
323;M;01400-02799;right
324;A;02800-04199;right
325;B;02800-04199;right
326;C;02800-04199;right
327;D;02800-04199;right
328;E;02800-04199;right
329;F;02800-04199;right
330;G;02800-04199;right
331;H;02800-04199;right
332;I;02800-04199;right
333;J;02800-04199;right
334;K;02800-04199;right
335;L;02800-04199;right
336;M;02800-04199;right
337;A;01400-02799;right
338;B;01400-02799;right
339;C;01400-02799;right
340;D;01400-02799;right
341;E;01400-02799;right
342;F;01400-02799;right
343;G;01400-02799;right
344;H;01400-02799;right
345;I;01400-02799;right
346;J;01400-02799;right
347;K;01400-02799;right
348;L;01400-02799;right
349;M;01400-02799;right
350;A;0-01400;right
351;B;0-01400;right
352;C;0-01400;right
353;D;0-01400;right
354;E;0-01400;right
355;F;0-01400;right
356;G;0-01400;right
357;H;0-01400;right
358;I;0-01400;right
359;J;0-01400;right
360;K;0-01400;right
361;L;0-01400;right
362;M;0-01400;right
363;A;01400-02799;right
364;B;01400-02799;right
365;C;01400-02799;right
366;D;01400-02799;right
367;E;01400-02799;right
368;F;01400-02799;right
369;G;01400-02799;right
370;H;01400-02799;right
371;I;01400-02799;right
372;J;01400-02799;right
373;K;01400-02799;right
374;L;01400-02799;right
375;M;01400-02799;right
376;A;01400-02799;right
377;B;01400-02799;right
378;C;01400-02799;right
379;D;01400-02799;right
380;E;01400-02799;right
381;F;01400-02799;right
382;G;01400-02799;right
383;H;01400-02799;right
384;I;01400-02799;right
385;J;01400-02799;right
386;K;01400-02799;right
387;L;01400-02799;right
388;M;01400-02799;right
389;A;01400-02799;right
390;B;01400-02799;right
391;C;01400-02799;right
392;D;01400-02799;right
393;E;01400-02799;right
394;F;01400-02799;right
395;G;01400-02799;right
396;H;01400-02799;right
397;I;01400-02799;right
398;J;01400-02799;right
399;K;01400-02799;right
400;L;01400-02799;right
401;M;01400-02799;right
402;A;02800-04199;right
403;B;02800-04199;right
404;C;02800-04199;right
405;D;02800-04199;right
406;E;02800-04199;right
407;F;02800-04199;right
408;G;02800-04199;right
409;H;02800-04199;right
410;I;02800-04199;right
411;J;02800-04199;right
412;K;02800-04199;right
413;L;02800-04199;right
414;M;02800-04199;right
415;A;01400-02799;right
416;B;01400-02799;right
417;C;01400-02799;right
418;D;01400-02799;right
419;E;01400-02799;right
420;F;01400-02799;right
421;G;01400-02799;right
422;H;01400-02799;right
423;I;01400-02799;right
424;J;01400-02799;right
425;K;01400-02799;right
426;L;01400-02799;right
427;M;01400-02799;right
428;A;12600-13999;right
429;B;12600-13999;right
430;C;12600-13999;right
431;D;12600-13999;right
432;E;12600-13999;right
433;F;12600-13999;right
434;G;12600-13999;right
435;H;12600-13999;right
436;I;12600-13999;right
437;J;12600-13999;right
438;K;12600-13999;right
439;L;12600-13999;right
440;M;12600-13999;right
441;A;12600-13999;right
442;B;12600-13999;right
443;C;12600-13999;right
444;D;12600-13999;right
445;E;12600-13999;right
446;F;12600-13999;right
447;G;12600-13999;right
448;H;12600-13999;right
449;I;12600-13999;right
450;J;12600-13999;right
451;K;12600-13999;right
452;L;12600-13999;right
453;M;12600-13999;right
454;A;04200-05599;right
455;B;04200-05599;right
456;C;04200-05599;right
457;D;04200-05599;right
458;E;04200-05599;right
459;F;04200-05599;right
460;G;04200-05599;right
461;H;04200-05599;right
462;I;04200-05599;right
463;J;04200-05599;right
464;K;04200-05599;right
465;L;04200-05599;right
466;M;04200-05599;right
467;A;01400-02799;right
468;B;01400-02799;right
469;C;01400-02799;right
470;D;01400-02799;right
471;E;01400-02799;right
472;F;01400-02799;right
473;G;01400-02799;right
474;H;01400-02799;right
475;I;01400-02799;right
476;J;01400-02799;right
477;K;01400-02799;right
478;L;01400-02799;right
479;M;01400-02799;right
480;A;02800-04199;right
481;B;02800-04199;right
482;C;02800-04199;right
483;D;02800-04199;right
484;E;02800-04199;right
485;F;02800-04199;right
486;G;02800-04199;right
487;H;02800-04199;right
488;I;02800-04199;right
489;J;02800-04199;right
490;K;02800-04199;right
491;L;02800-04199;right
492;M;02800-04199;right
493;A;12600-13999;right
494;B;12600-13999;right
495;C;12600-13999;right
496;D;12600-13999;right
497;E;12600-13999;right
498;F;12600-13999;right
499;G;12600-13999;right
500;H;12600-13999;right
501;I;12600-13999;right
502;J;12600-13999;right
503;K;12600-13999;right
504;L;12600-13999;right
505;M;12600-13999;right
506;A;12600-13999;right
507;B;12600-13999;right
508;C;12600-13999;right
509;D;12600-13999;right
510;E;12600-13999;right
511;F;12600-13999;right
512;G;12600-13999;right
513;H;12600-13999;right
514;I;12600-13999;right
515;J;12600-13999;right
516;K;12600-13999;right
517;L;12600-13999;right
518;M;12600-13999;right
519;A;05600-06999;right
520;B;05600-06999;right
521;C;05600-06999;right
522;D;05600-06999;right
523;E;05600-06999;right
524;F;05600-06999;right
525;G;05600-06999;right
526;H;05600-06999;right
527;I;05600-06999;right
528;J;05600-06999;right
529;K;05600-06999;right
530;L;05600-06999;right
531;M;05600-06999;right
532;A;07000-08399;right
533;B;07000-08399;right
534;C;07000-08399;right
535;D;07000-08399;right
536;E;07000-08399;right
537;F;07000-08399;right
538;G;07000-08399;right
539;H;07000-08399;right
540;I;07000-08399;right
541;J;07000-08399;right
542;K;07000-08399;right
543;L;07000-08399;right
544;M;07000-08399;right
545;A;02800-04199;right
546;B;02800-04199;right
547;C;02800-04199;right
548;D;02800-04199;right
549;E;02800-04199;right
550;F;02800-04199;right
551;G;02800-04199;right
552;H;02800-04199;right
553;I;02800-04199;right
554;J;02800-04199;right
555;K;02800-04199;right
556;L;02800-04199;right
557;M;02800-04199;right
558;A;05600-06999;right
559;B;05600-06999;right
560;C;05600-06999;right
561;D;05600-06999;right
562;E;05600-06999;right
563;F;05600-06999;right
564;G;05600-06999;right
565;H;05600-06999;right
566;I;05600-06999;right
567;J;05600-06999;right
568;K;05600-06999;right
569;L;05600-06999;right
570;M;05600-06999;right
571;A;05600-06999;right
572;B;05600-06999;right
573;C;05600-06999;right
574;D;05600-06999;right
575;E;05600-06999;right
576;F;05600-06999;right
577;G;05600-06999;right
578;H;05600-06999;right
579;I;05600-06999;right
580;J;05600-06999;right
581;K;05600-06999;right
582;L;05600-06999;right
583;M;05600-06999;right
584;A;07000-08399;right
585;B;07000-08399;right
586;C;07000-08399;right
587;D;07000-08399;right
588;E;07000-08399;right
589;F;07000-08399;right
590;G;07000-08399;right
591;H;07000-08399;right
592;I;07000-08399;right
593;J;07000-08399;right
594;K;07000-08399;right
595;L;07000-08399;right
596;M;07000-08399;right
597;A;04200-05599;right
598;B;04200-05599;right
599;C;04200-05599;right
600;D;04200-05599;right
601;E;04200-05599;right
602;F;04200-05599;right
603;G;04200-05599;right
604;H;04200-05599;right
605;I;04200-05599;right
606;J;04200-05599;right
607;K;04200-05599;right
608;L;04200-05599;right
609;M;04200-05599;right
610;A;04200-05599;right
611;B;04200-05599;right
612;C;04200-05599;right
613;D;04200-05599;right
614;E;04200-05599;right
615;F;04200-05599;right
616;G;04200-05599;right
617;H;04200-05599;right
618;I;04200-05599;right
619;J;04200-05599;right
620;K;04200-05599;right
621;L;04200-05599;right
622;M;04200-05599;right
623;A;04200-05599;right
624;B;04200-05599;right
625;C;04200-05599;right
626;D;04200-05599;right
627;E;04200-05599;right
628;F;04200-05599;right
629;G;04200-05599;right
630;H;04200-05599;right
631;I;04200-05599;right
632;J;04200-05599;right
633;K;04200-05599;right
634;L;04200-05599;right
635;M;04200-05599;right
636;A;04200-05599;right
637;B;04200-05599;right
638;C;04200-05599;right
639;D;04200-05599;right
640;E;04200-05599;right
641;F;04200-05599;right
642;G;04200-05599;right
643;H;04200-05599;right
644;I;04200-05599;right
645;J;04200-05599;right
646;K;04200-05599;right
647;L;04200-05599;right
648;M;04200-05599;right
649;A;05600-06999;right
650;B;05600-06999;right
651;C;05600-06999;right
652;D;05600-06999;right
653;E;05600-06999;right
654;F;05600-06999;right
655;G;05600-06999;right
656;H;05600-06999;right
657;I;05600-06999;right
658;J;05600-06999;right
659;K;05600-06999;right
660;L;05600-06999;right
661;M;05600-06999;right
662;A;05600-06999;right
663;B;05600-06999;right
664;C;05600-06999;right
665;D;05600-06999;right
666;E;05600-06999;right
667;F;05600-06999;right
668;G;05600-06999;right
669;H;05600-06999;right
670;I;05600-06999;right
671;J;05600-06999;right
672;K;05600-06999;right
673;L;05600-06999;right
674;M;05600-06999;right
675;A;12600-13999;right
676;B;12600-13999;right
677;C;12600-13999;right
678;D;12600-13999;right
679;E;12600-13999;right
680;F;12600-13999;right
681;G;12600-13999;right
682;H;12600-13999;right
683;I;12600-13999;right
684;J;12600-13999;right
685;K;12600-13999;right
686;L;12600-13999;right
687;M;12600-13999;right
688;A;05600-06999;right
689;B;05600-06999;right
690;C;05600-06999;right
691;D;05600-06999;right
692;E;05600-06999;right
693;F;05600-06999;right
694;G;05600-06999;right
695;H;05600-06999;right
696;I;05600-06999;right
697;J;05600-06999;right
698;K;05600-06999;right
699;L;05600-06999;right
700;M;05600-06999;right
701;A;05600-06999;right
702;B;05600-06999;right
703;C;05600-06999;right
704;D;05600-06999;right
705;E;05600-06999;right
706;F;05600-06999;right
707;G;05600-06999;right
708;H;05600-06999;right
709;I;05600-06999;right
710;J;05600-06999;right
711;K;05600-06999;right
712;L;05600-06999;right
713;M;05600-06999;right
714;A;07000-08399;right
715;B;07000-08399;right
716;C;07000-08399;right
717;D;07000-08399;right
718;E;07000-08399;right
719;F;07000-08399;right
720;G;07000-08399;right
721;H;07000-08399;right
722;I;07000-08399;right
723;J;07000-08399;right
724;K;07000-08399;right
725;L;07000-08399;right
726;M;07000-08399;right
727;A;07000-08399;right
728;B;07000-08399;right
729;C;07000-08399;right
730;D;07000-08399;right
731;E;07000-08399;right
732;F;07000-08399;right
733;G;07000-08399;right
734;H;07000-08399;right
735;I;07000-08399;right
736;J;07000-08399;right
737;K;07000-08399;right
738;L;07000-08399;right
739;M;07000-08399;right
740;A;07000-08399;right
741;B;07000-08399;right
742;C;07000-08399;right
743;D;07000-08399;right
744;E;07000-08399;right
745;F;07000-08399;right
746;G;07000-08399;right
747;H;07000-08399;right
748;I;07000-08399;right
749;J;07000-08399;right
750;K;07000-08399;right
751;L;07000-08399;right
752;M;07000-08399;right
753;A;07000-08399;right
754;B;07000-08399;right
755;C;07000-08399;right
756;D;07000-08399;right
757;E;07000-08399;right
758;F;07000-08399;right
759;G;07000-08399;right
760;H;07000-08399;right
761;I;07000-08399;right
762;J;07000-08399;right
763;K;07000-08399;right
764;L;07000-08399;right
765;M;07000-08399;right
766;A;07000-08399;right
767;B;07000-08399;right
768;C;07000-08399;right
769;D;07000-08399;right
770;E;07000-08399;right
771;F;07000-08399;right
772;G;07000-08399;right
773;H;07000-08399;right
774;I;07000-08399;right
775;J;07000-08399;right
776;K;07000-08399;right
777;L;07000-08399;right
778;M;07000-08399;right
779;A;05600-06999;right
780;B;05600-06999;right
781;C;05600-06999;right
782;D;05600-06999;right
783;E;05600-06999;right
784;F;05600-06999;right
785;G;05600-06999;right
786;H;05600-06999;right
787;I;05600-06999;right
788;J;05600-06999;right
789;K;05600-06999;right
790;L;05600-06999;right
791;M;05600-06999;right
792;A;07000-08399;right
793;B;07000-08399;right
794;C;07000-08399;right
795;D;07000-08399;right
796;E;07000-08399;right
797;F;07000-08399;right
798;G;07000-08399;right
799;H;07000-08399;right
800;I;07000-08399;right
801;J;07000-08399;right
802;K;07000-08399;right
803;L;07000-08399;right
804;M;07000-08399;right
805;A;12600-13999;right
806;B;12600-13999;right
807;C;12600-13999;right
808;D;12600-13999;right
809;E;12600-13999;right
810;F;12600-13999;right
811;G;12600-13999;right
812;H;12600-13999;right
813;I;12600-13999;right
814;J;12600-13999;right
815;K;12600-13999;right
816;L;12600-13999;right
817;M;12600-13999;right
818;A;09800-11199;right
819;B;09800-11199;right
820;C;09800-11199;right
821;D;09800-11199;right
822;E;09800-11199;right
823;F;09800-11199;right
824;G;09800-11199;right
825;H;09800-11199;right
826;I;09800-11199;right
827;J;09800-11199;right
828;K;09800-11199;right
829;L;09800-11199;right
830;M;09800-11199;right
831;A;07000-08399;right
832;B;07000-08399;right
833;C;07000-08399;right
834;D;07000-08399;right
835;E;07000-08399;right
836;F;07000-08399;right
837;G;07000-08399;right
838;H;07000-08399;right
839;I;07000-08399;right
840;J;07000-08399;right
841;K;07000-08399;right
842;L;07000-08399;right
843;M;07000-08399;right
844;A;12600-13999;right
845;B;12600-13999;right
846;C;12600-13999;right
847;D;12600-13999;right
848;E;12600-13999;right
849;F;12600-13999;right
850;G;12600-13999;right
851;H;12600-13999;right
852;I;12600-13999;right
853;J;12600-13999;right
854;K;12600-13999;right
855;L;12600-13999;right
856;M;12600-13999;right
857;A;12600-13999;right
858;B;12600-13999;right
859;C;12600-13999;right
860;D;12600-13999;right
861;E;12600-13999;right
862;F;12600-13999;right
863;G;12600-13999;right
864;H;12600-13999;right
865;I;12600-13999;right
866;J;12600-13999;right
867;K;12600-13999;right
868;L;12600-13999;right
869;M;12600-13999;right
870;A;12600-13999;right
871;B;12600-13999;right
872;C;12600-13999;right
873;D;12600-13999;right
874;E;12600-13999;right
875;F;12600-13999;right
876;G;12600-13999;right
877;H;12600-13999;right
878;I;12600-13999;right
879;J;12600-13999;right
880;K;12600-13999;right
881;L;12600-13999;right
882;M;12600-13999;right
883;A;12600-13999;right
884;B;12600-13999;right
885;C;12600-13999;right
886;D;12600-13999;right
887;E;12600-13999;right
888;F;12600-13999;right
889;G;12600-13999;right
890;H;12600-13999;right
891;I;12600-13999;right
892;J;12600-13999;right
893;K;12600-13999;right
894;L;12600-13999;right
895;M;12600-13999;right
896;A;12600-13999;right
897;B;12600-13999;right
898;C;12600-13999;right
899;D;12600-13999;right
900;E;12600-13999;right
901;F;12600-13999;right
902;G;12600-13999;right
903;H;12600-13999;right
904;I;12600-13999;right
905;J;12600-13999;right
906;K;12600-13999;right
907;L;12600-13999;right
908;M;12600-13999;right
909;A;12600-13999;right
910;B;12600-13999;right
911;C;12600-13999;right
912;D;12600-13999;right
913;E;12600-13999;right
914;F;12600-13999;right
915;G;12600-13999;right
916;H;12600-13999;right
917;I;12600-13999;right
918;J;12600-13999;right
919;K;12600-13999;right
920;L;12600-13999;right
921;M;12600-13999;right
922;A;11200-12599;right
923;B;11200-12599;right
924;C;11200-12599;right
925;D;11200-12599;right
926;E;11200-12599;right
927;F;11200-12599;right
928;G;11200-12599;right
929;H;11200-12599;right
930;I;11200-12599;right
931;J;11200-12599;right
932;K;11200-12599;right
933;L;11200-12599;right
934;M;11200-12599;right
935;A;11200-12599;right
936;B;11200-12599;right
937;C;11200-12599;right
938;D;11200-12599;right
939;E;11200-12599;right
940;F;11200-12599;right
941;G;11200-12599;right
942;H;11200-12599;right
943;I;11200-12599;right
944;J;11200-12599;right
945;K;11200-12599;right
946;L;11200-12599;right
947;M;11200-12599;right
948;A;08400-09799;right
949;B;08400-09799;right
950;C;08400-09799;right
951;D;08400-09799;right
952;E;08400-09799;right
953;F;08400-09799;right
954;G;08400-09799;right
955;H;08400-09799;right
956;I;08400-09799;right
957;J;08400-09799;right
958;K;08400-09799;right
959;L;08400-09799;right
960;M;08400-09799;right
961;A;09800-11199;right
962;B;09800-11199;right
963;C;09800-11199;right
964;D;09800-11199;right
965;E;09800-11199;right
966;F;09800-11199;right
967;G;09800-11199;right
968;H;09800-11199;right
969;I;09800-11199;right
970;J;09800-11199;right
971;K;09800-11199;right
972;L;09800-11199;right
973;M;09800-11199;right
974;A;08400-09799;right
975;B;08400-09799;right
976;C;08400-09799;right
977;D;08400-09799;right
978;E;08400-09799;right
979;F;08400-09799;right
980;G;08400-09799;right
981;H;08400-09799;right
982;I;08400-09799;right
983;J;08400-09799;right
984;K;08400-09799;right
985;L;08400-09799;right
986;M;08400-09799;right
987;A;07000-08399;right
988;B;07000-08399;right
989;C;07000-08399;right
990;D;07000-08399;right
991;E;07000-08399;right
992;F;07000-08399;right
993;G;07000-08399;right
994;H;07000-08399;right
995;I;07000-08399;right
996;J;07000-08399;right
997;K;07000-08399;right
998;L;07000-08399;right
999;M;07000-08399;right
1000;A;09800-11199;right
1001;B;09800-11199;right
1002;C;09800-11199;right
1003;D;09800-11199;right
1004;E;09800-11199;right
1005;F;09800-11199;right
1006;G;09800-11199;right
1007;H;09800-11199;right
1008;I;09800-11199;right
1009;J;09800-11199;right
1010;K;09800-11199;right
1011;L;09800-11199;right
1012;M;09800-11199;right
1013;A;08400-09799;right
1014;B;08400-09799;right
1015;C;08400-09799;right
1016;D;08400-09799;right
1017;E;08400-09799;right
1018;F;08400-09799;right
1019;G;08400-09799;right
1020;H;08400-09799;right
1021;I;08400-09799;right
1022;J;08400-09799;right
1023;K;08400-09799;right
1024;L;08400-09799;right
1025;M;08400-09799;right
1026;A;09800-11199;right
1027;B;09800-11199;right
1028;C;09800-11199;right
1029;D;09800-11199;right
1030;E;09800-11199;right
1031;F;09800-11199;right
1032;G;09800-11199;right
1033;H;09800-11199;right
1034;I;09800-11199;right
1035;J;09800-11199;right
1036;K;09800-11199;right
1037;L;09800-11199;right
1038;M;09800-11199;right
1039;A;09800-11199;right
1040;B;09800-11199;right
1041;C;09800-11199;right
1042;D;09800-11199;right
1043;E;09800-11199;right
1044;F;09800-11199;right
1045;G;09800-11199;right
1046;H;09800-11199;right
1047;I;09800-11199;right
1048;J;09800-11199;right
1049;K;09800-11199;right
1050;L;09800-11199;right
1051;M;09800-11199;right
1052;A;07000-08399;right
1053;B;07000-08399;right
1054;C;07000-08399;right
1055;D;07000-08399;right
1056;E;07000-08399;right
1057;F;07000-08399;right
1058;G;07000-08399;right
1059;H;07000-08399;right
1060;I;07000-08399;right
1061;J;07000-08399;right
1062;K;07000-08399;right
1063;L;07000-08399;right
1064;M;07000-08399;right
1065;A;07000-08399;right
1066;B;07000-08399;right
1067;C;07000-08399;right
1068;D;07000-08399;right
1069;E;07000-08399;right
1070;F;07000-08399;right
1071;G;07000-08399;right
1072;H;07000-08399;right
1073;I;07000-08399;right
1074;J;07000-08399;right
1075;K;07000-08399;right
1076;L;07000-08399;right
1077;M;07000-08399;right
1078;A;05600-06999;right
1079;B;05600-06999;right
1080;C;05600-06999;right
1081;D;05600-06999;right
1082;E;05600-06999;right
1083;F;05600-06999;right
1084;G;05600-06999;right
1085;H;05600-06999;right
1086;I;05600-06999;right
1087;J;05600-06999;right
1088;K;05600-06999;right
1089;L;05600-06999;right
1090;M;05600-06999;right
1091;A;04200-05599;right
1092;B;04200-05599;right
1093;C;04200-05599;right
1094;D;04200-05599;right
1095;E;04200-05599;right
1096;F;04200-05599;right
1097;G;04200-05599;right
1098;H;04200-05599;right
1099;I;04200-05599;right
1100;J;04200-05599;right
1101;K;04200-05599;right
1102;L;04200-05599;right
1103;M;04200-05599;right
1104;A;04200-05599;right
1105;B;04200-05599;right
1106;C;04200-05599;right
1107;D;04200-05599;right
1108;E;04200-05599;right
1109;F;04200-05599;right
1110;G;04200-05599;right
1111;H;04200-05599;right
1112;I;04200-05599;right
1113;J;04200-05599;right
1114;K;04200-05599;right
1115;L;04200-05599;right
1116;M;04200-05599;right
1117;A;04200-05599;right
1118;B;04200-05599;right
1119;C;04200-05599;right
1120;D;04200-05599;right
1121;E;04200-05599;right
1122;F;04200-05599;right
1123;G;04200-05599;right
1124;H;04200-05599;right
1125;I;04200-05599;right
1126;J;04200-05599;right
1127;K;04200-05599;right
1128;L;04200-05599;right
1129;M;04200-05599;right
1130;A;02800-04199;right
1131;B;02800-04199;right
1132;C;02800-04199;right
1133;D;02800-04199;right
1134;E;02800-04199;right
1135;F;02800-04199;right
1136;G;02800-04199;right
1137;H;02800-04199;right
1138;I;02800-04199;right
1139;J;02800-04199;right
1140;K;02800-04199;right
1141;L;02800-04199;right
1142;M;02800-04199;right
1143;A;04200-05599;right
1144;B;04200-05599;right
1145;C;04200-05599;right
1146;D;04200-05599;right
1147;E;04200-05599;right
1148;F;04200-05599;right
1149;G;04200-05599;right
1150;H;04200-05599;right
1151;I;04200-05599;right
1152;J;04200-05599;right
1153;K;04200-05599;right
1154;L;04200-05599;right
1155;M;04200-05599;right
1156;A;04200-05599;right
1157;B;04200-05599;right
1158;C;04200-05599;right
1159;D;04200-05599;right
1160;E;04200-05599;right
1161;F;04200-05599;right
1162;G;04200-05599;right
1163;H;04200-05599;right
1164;I;04200-05599;right
1165;J;04200-05599;right
1166;K;04200-05599;right
1167;L;04200-05599;right
1168;M;04200-05599;right
1169;A;04200-05599;right
1170;B;04200-05599;right
1171;C;04200-05599;right
1172;D;04200-05599;right
1173;E;04200-05599;right
1174;F;04200-05599;right
1175;G;04200-05599;right
1176;H;04200-05599;right
1177;I;04200-05599;right
1178;J;04200-05599;right
1179;K;04200-05599;right
1180;L;04200-05599;right
1181;M;04200-05599;right
1182;A;02800-04199;right
1183;B;02800-04199;right
1184;C;02800-04199;right
1185;D;02800-04199;right
1186;E;02800-04199;right
1187;F;02800-04199;right
1188;G;02800-04199;right
1189;H;02800-04199;right
1190;I;02800-04199;right
1191;J;02800-04199;right
1192;K;02800-04199;right
1193;L;02800-04199;right
1194;M;02800-04199;right
1195;A;02800-04199;right
1196;B;02800-04199;right
1197;C;02800-04199;right
1198;D;02800-04199;right
1199;E;02800-04199;right
1200;F;02800-04199;right
1201;G;02800-04199;right
1202;H;02800-04199;right
1203;I;02800-04199;right
1204;J;02800-04199;right
1205;K;02800-04199;right
1206;L;02800-04199;right
1207;M;02800-04199;right
1208;A;02800-04199;right
1209;B;02800-04199;right
1210;C;02800-04199;right
1211;D;02800-04199;right
1212;E;02800-04199;right
1213;F;02800-04199;right
1214;G;02800-04199;right
1215;H;02800-04199;right
1216;I;02800-04199;right
1217;J;02800-04199;right
1218;K;02800-04199;right
1219;L;02800-04199;right
1220;M;02800-04199;right
1221;A;04200-05599;right
1222;B;04200-05599;right
1223;C;04200-05599;right
1224;D;04200-05599;right
1225;E;04200-05599;right
1226;F;04200-05599;right
1227;G;04200-05599;right
1228;H;04200-05599;right
1229;I;04200-05599;right
1230;J;04200-05599;right
1231;K;04200-05599;right
1232;L;04200-05599;right
1233;M;04200-05599;right
1234;A;02800-04199;right
1235;B;02800-04199;right
1236;C;02800-04199;right
1237;D;02800-04199;right
1238;E;02800-04199;right
1239;F;02800-04199;right
1240;G;02800-04199;right
1241;H;02800-04199;right
1242;I;02800-04199;right
1243;J;02800-04199;right
1244;K;02800-04199;right
1245;L;02800-04199;right
1246;M;02800-04199;right
1247;A;02800-04199;right
1248;B;02800-04199;right
1249;C;02800-04199;right
1250;D;02800-04199;right
1251;E;02800-04199;right
1252;F;02800-04199;right
1253;G;02800-04199;right
1254;H;02800-04199;right
1255;I;02800-04199;right
1256;J;02800-04199;right
1257;K;02800-04199;right
1258;L;02800-04199;right
1259;M;02800-04199;right
1260;A;02800-04199;right
1261;B;02800-04199;right
1262;C;02800-04199;right
1263;D;02800-04199;right
1264;E;02800-04199;right
1265;F;02800-04199;right
1266;G;02800-04199;right
1267;H;02800-04199;right
1268;I;02800-04199;right
1269;J;02800-04199;right
1270;K;02800-04199;right
1271;L;02800-04199;right
1272;M;02800-04199;right
1273;A;01400-02799;right
1274;B;01400-02799;right
1275;C;01400-02799;right
1276;D;01400-02799;right
1277;E;01400-02799;right
1278;F;01400-02799;right
1279;G;01400-02799;right
1280;H;01400-02799;right
1281;I;01400-02799;right
1282;J;01400-02799;right
1283;K;01400-02799;right
1284;L;01400-02799;right
1285;M;01400-02799;right
1286;A;02800-04199;right
1287;B;02800-04199;right
1288;C;02800-04199;right
1289;D;02800-04199;right
1290;E;02800-04199;right
1291;F;02800-04199;right
1292;G;02800-04199;right
1293;H;02800-04199;right
1294;I;02800-04199;right
1295;J;02800-04199;right
1296;K;02800-04199;right
1297;L;02800-04199;right
1298;M;02800-04199;right
1299;A;02800-04199;right
1300;B;02800-04199;right
1301;C;02800-04199;right
1302;D;02800-04199;right
1303;E;02800-04199;right
1304;F;02800-04199;right
1305;G;02800-04199;right
1306;H;02800-04199;right
1307;I;02800-04199;right
1308;J;02800-04199;right
1309;K;02800-04199;right
1310;L;02800-04199;right
1311;M;02800-04199;right
1312;A;02800-04199;right
1313;B;02800-04199;right
1314;C;02800-04199;right
1315;D;02800-04199;right
1316;E;02800-04199;right
1317;F;02800-04199;right
1318;G;02800-04199;right
1319;H;02800-04199;right
1320;I;02800-04199;right
1321;J;02800-04199;right
1322;K;02800-04199;right
1323;L;02800-04199;right
1324;M;02800-04199;right
1325;A;01400-02799;right
1326;B;01400-02799;right
1327;C;01400-02799;right
1328;D;01400-02799;right
1329;E;01400-02799;right
1330;F;01400-02799;right
1331;G;01400-02799;right
1332;H;01400-02799;right
1333;I;01400-02799;right
1334;J;01400-02799;right
1335;K;01400-02799;right
1336;L;01400-02799;right
1337;M;01400-02799;right
1338;A;02800-04199;right
1339;B;02800-04199;right
1340;C;02800-04199;right
1341;D;02800-04199;right
1342;E;02800-04199;right
1343;F;02800-04199;right
1344;G;02800-04199;right
1345;H;02800-04199;right
1346;I;02800-04199;right
1347;J;02800-04199;right
1348;K;02800-04199;right
1349;L;02800-04199;right
1350;M;02800-04199;right
1351;A;01400-02799;right
1352;B;01400-02799;right
1353;C;01400-02799;right
1354;D;01400-02799;right
1355;E;01400-02799;right
1356;F;01400-02799;right
1357;G;01400-02799;right
1358;H;01400-02799;right
1359;I;01400-02799;right
1360;J;01400-02799;right
1361;K;01400-02799;right
1362;L;01400-02799;right
1363;M;01400-02799;right
1364;A;01400-02799;right
1365;B;01400-02799;right
1366;C;01400-02799;right
1367;D;01400-02799;right
1368;E;01400-02799;right
1369;F;01400-02799;right
1370;G;01400-02799;right
1371;H;01400-02799;right
1372;I;01400-02799;right
1373;J;01400-02799;right
1374;K;01400-02799;right
1375;L;01400-02799;right
1376;M;01400-02799;right
1377;A;01400-02799;right
1378;B;01400-02799;right
1379;C;01400-02799;right
1380;D;01400-02799;right
1381;E;01400-02799;right
1382;F;01400-02799;right
1383;G;01400-02799;right
1384;H;01400-02799;right
1385;I;01400-02799;right
1386;J;01400-02799;right
1387;K;01400-02799;right
1388;L;01400-02799;right
1389;M;01400-02799;right
1390;A;02800-04199;right
1391;B;02800-04199;right
1392;C;02800-04199;right
1393;D;02800-04199;right
1394;E;02800-04199;right
1395;F;02800-04199;right
1396;G;02800-04199;right
1397;H;02800-04199;right
1398;I;02800-04199;right
1399;J;02800-04199;right
1400;K;02800-04199;right
1401;L;02800-04199;right
1402;M;02800-04199;right
1403;A;01400-02799;right
1404;B;01400-02799;right
1405;C;01400-02799;right
1406;D;01400-02799;right
1407;E;01400-02799;right
1408;F;01400-02799;right
1409;G;01400-02799;right
1410;H;01400-02799;right
1411;I;01400-02799;right
1412;J;01400-02799;right
1413;K;01400-02799;right
1414;L;01400-02799;right
1415;M;01400-02799;right
1416;A;01400-02799;right
1417;B;01400-02799;right
1418;C;01400-02799;right
1419;D;01400-02799;right
1420;E;01400-02799;right
1421;F;01400-02799;right
1422;G;01400-02799;right
1423;H;01400-02799;right
1424;I;01400-02799;right
1425;J;01400-02799;right
1426;K;01400-02799;right
1427;L;01400-02799;right
1428;M;01400-02799;right
1429;A;01400-02799;right
1430;B;01400-02799;right
1431;C;01400-02799;right
1432;D;01400-02799;right
1433;E;01400-02799;right
1434;F;01400-02799;right
1435;G;01400-02799;right
1436;H;01400-02799;right
1437;I;01400-02799;right
1438;J;01400-02799;right
1439;K;01400-02799;right
1440;L;01400-02799;right
1441;M;01400-02799;right
1442;A;04200-05599;right
1443;B;04200-05599;right
1444;C;04200-05599;right
1445;D;04200-05599;right
1446;E;04200-05599;right
1447;F;04200-05599;right
1448;G;04200-05599;right
1449;H;04200-05599;right
1450;I;04200-05599;right
1451;J;04200-05599;right
1452;K;04200-05599;right
1453;L;04200-05599;right
1454;M;04200-05599;right
1455;A;01400-02799;right
1456;B;01400-02799;right
1457;C;01400-02799;right
1458;D;01400-02799;right
1459;E;01400-02799;right
1460;F;01400-02799;right
1461;G;01400-02799;right
1462;H;01400-02799;right
1463;I;01400-02799;right
1464;J;01400-02799;right
1465;K;01400-02799;right
1466;L;01400-02799;right
1467;M;01400-02799;right
1468;A;01400-02799;right
1469;B;01400-02799;right
1470;C;01400-02799;right
1471;D;01400-02799;right
1472;E;01400-02799;right
1473;F;01400-02799;right
1474;G;01400-02799;right
1475;H;01400-02799;right
1476;I;01400-02799;right
1477;J;01400-02799;right
1478;K;01400-02799;right
1479;L;01400-02799;right
1480;M;01400-02799;right
1481;A;02800-04199;right
1482;B;02800-04199;right
1483;C;02800-04199;right
1484;D;02800-04199;right
1485;E;02800-04199;right
1486;F;02800-04199;right
1487;G;02800-04199;right
1488;H;02800-04199;right
1489;I;02800-04199;right
1490;J;02800-04199;right
1491;K;02800-04199;right
1492;L;02800-04199;right
1493;M;02800-04199;right
1494;A;02800-04199;right
1495;B;02800-04199;right
1496;C;02800-04199;right
1497;D;02800-04199;right
1498;E;02800-04199;right
1499;F;02800-04199;right
1500;G;02800-04199;right
1501;H;02800-04199;right
1502;I;02800-04199;right
1503;J;02800-04199;right
1504;K;02800-04199;right
1505;L;02800-04199;right
1506;M;02800-04199;right
1507;A;04200-05599;right
1508;B;04200-05599;right
1509;C;04200-05599;right
1510;D;04200-05599;right
1511;E;04200-05599;right
1512;F;04200-05599;right
1513;G;04200-05599;right
1514;H;04200-05599;right
1515;I;04200-05599;right
1516;J;04200-05599;right
1517;K;04200-05599;right
1518;L;04200-05599;right
1519;M;04200-05599;right
1520;A;02800-04199;right
1521;B;02800-04199;right
1522;C;02800-04199;right
1523;D;02800-04199;right
1524;E;02800-04199;right
1525;F;02800-04199;right
1526;G;02800-04199;right
1527;H;02800-04199;right
1528;I;02800-04199;right
1529;J;02800-04199;right
1530;K;02800-04199;right
1531;L;02800-04199;right
1532;M;02800-04199;right
1533;A;02800-04199;right
1534;B;02800-04199;right
1535;C;02800-04199;right
1536;D;02800-04199;right
1537;E;02800-04199;right
1538;F;02800-04199;right
1539;G;02800-04199;right
1540;H;02800-04199;right
1541;I;02800-04199;right
1542;J;02800-04199;right
1543;K;02800-04199;right
1544;L;02800-04199;right
1545;M;02800-04199;right
1546;A;01400-02799;right
1547;B;01400-02799;right
1548;C;01400-02799;right
1549;D;01400-02799;right
1550;E;01400-02799;right
1551;F;01400-02799;right
1552;G;01400-02799;right
1553;H;01400-02799;right
1554;I;01400-02799;right
1555;J;01400-02799;right
1556;K;01400-02799;right
1557;L;01400-02799;right
1558;M;01400-02799;right
1559;A;02800-04199;right
1560;B;02800-04199;right
1561;C;02800-04199;right
1562;D;02800-04199;right
1563;E;02800-04199;right
1564;F;02800-04199;right
1565;G;02800-04199;right
1566;H;02800-04199;right
1567;I;02800-04199;right
1568;J;02800-04199;right
1569;K;02800-04199;right
1570;L;02800-04199;right
1571;M;02800-04199;right
1572;A;02800-04199;right
1573;B;02800-04199;right
1574;C;02800-04199;right
1575;D;02800-04199;right
1576;E;02800-04199;right
1577;F;02800-04199;right
1578;G;02800-04199;right
1579;H;02800-04199;right
1580;I;02800-04199;right
1581;J;02800-04199;right
1582;K;02800-04199;right
1583;L;02800-04199;right
1584;M;02800-04199;right
1585;A;01400-02799;right
1586;B;01400-02799;right
1587;C;01400-02799;right
1588;D;01400-02799;right
1589;E;01400-02799;right
1590;F;01400-02799;right
1591;G;01400-02799;right
1592;H;01400-02799;right
1593;I;01400-02799;right
1594;J;01400-02799;right
1595;K;01400-02799;right
1596;L;01400-02799;right
1597;M;01400-02799;right
1598;A;02800-04199;right
1599;B;02800-04199;right
1600;C;02800-04199;right
1601;D;02800-04199;right
1602;E;02800-04199;right
1603;F;02800-04199;right
1604;G;02800-04199;right
1605;H;02800-04199;right
1606;I;02800-04199;right
1607;J;02800-04199;right
1608;K;02800-04199;right
1609;L;02800-04199;right
1610;M;02800-04199;right
1611;A;01400-02799;right
1612;B;01400-02799;right
1613;C;01400-02799;right
1614;D;01400-02799;right
1615;E;01400-02799;right
1616;F;01400-02799;right
1617;G;01400-02799;right
1618;H;01400-02799;right
1619;I;01400-02799;right
1620;J;01400-02799;right
1621;K;01400-02799;right
1622;L;01400-02799;right
1623;M;01400-02799;right
1624;A;02800-04199;right
1625;B;02800-04199;right
1626;C;02800-04199;right
1627;D;02800-04199;right
1628;E;02800-04199;right
1629;F;02800-04199;right
1630;G;02800-04199;right
1631;H;02800-04199;right
1632;I;02800-04199;right
1633;J;02800-04199;right
1634;K;02800-04199;right
1635;L;02800-04199;right
1636;M;02800-04199;right
1637;A;0-01400;right
1638;B;0-01400;right
1639;C;0-01400;right
1640;D;0-01400;right
1641;E;0-01400;right
1642;F;0-01400;right
1643;G;0-01400;right
1644;H;0-01400;right
1645;I;0-01400;right
1646;J;0-01400;right
1647;K;0-01400;right
1648;L;0-01400;right
1649;M;0-01400;right
1650;A;0-01400;right
1651;B;0-01400;right
1652;C;0-01400;right
1653;D;0-01400;right
1654;E;0-01400;right
1655;F;0-01400;right
1656;G;0-01400;right
1657;H;0-01400;right
1658;I;0-01400;right
1659;J;0-01400;right
1660;K;0-01400;right
1661;L;0-01400;right
1662;M;0-01400;right
1663;A;02800-04199;right
1664;B;02800-04199;right
1665;C;02800-04199;right
1666;D;02800-04199;right
1667;E;02800-04199;right
1668;F;02800-04199;right
1669;G;02800-04199;right
1670;H;02800-04199;right
1671;I;02800-04199;right
1672;J;02800-04199;right
1673;K;02800-04199;right
1674;L;02800-04199;right
1675;M;02800-04199;right
1676;A;0-01400;right
1677;B;0-01400;right
1678;C;0-01400;right
1679;D;0-01400;right
1680;E;0-01400;right
1681;F;0-01400;right
1682;G;0-01400;right
1683;H;0-01400;right
1684;I;0-01400;right
1685;J;0-01400;right
1686;K;0-01400;right
1687;L;0-01400;right
1688;M;0-01400;right
1689;A;02800-04199;right
1690;B;02800-04199;right
1691;C;02800-04199;right
1692;D;02800-04199;right
1693;E;02800-04199;right
1694;F;02800-04199;right
1695;G;02800-04199;right
1696;H;02800-04199;right
1697;I;02800-04199;right
1698;J;02800-04199;right
1699;K;02800-04199;right
1700;L;02800-04199;right
1701;M;02800-04199;right
1702;A;01400-02799;right
1703;B;01400-02799;right
1704;C;01400-02799;right
1705;D;01400-02799;right
1706;E;01400-02799;right
1707;F;01400-02799;right
1708;G;01400-02799;right
1709;H;01400-02799;right
1710;I;01400-02799;right
1711;J;01400-02799;right
1712;K;01400-02799;right
1713;L;01400-02799;right
1714;M;01400-02799;right
1715;A;01400-02799;right
1716;B;01400-02799;right
1717;C;01400-02799;right
1718;D;01400-02799;right
1719;E;01400-02799;right
1720;F;01400-02799;right
1721;G;01400-02799;right
1722;H;01400-02799;right
1723;I;01400-02799;right
1724;J;01400-02799;right
1725;K;01400-02799;right
1726;L;01400-02799;right
1727;M;01400-02799;right
1728;A;02800-04199;right
1729;B;02800-04199;right
1730;C;02800-04199;right
1731;D;02800-04199;right
1732;E;02800-04199;right
1733;F;02800-04199;right
1734;G;02800-04199;right
1735;H;02800-04199;right
1736;I;02800-04199;right
1737;J;02800-04199;right
1738;K;02800-04199;right
1739;L;02800-04199;right
1740;M;02800-04199;right
1741;A;0-01400;right
1742;B;0-01400;right
1743;C;0-01400;right
1744;D;0-01400;right
1745;E;0-01400;right
1746;F;0-01400;right
1747;G;0-01400;right
1748;H;0-01400;right
1749;I;0-01400;right
1750;J;0-01400;right
1751;K;0-01400;right
1752;L;0-01400;right
1753;M;0-01400;right
1754;A;01400-02799;right
1755;B;01400-02799;right
1756;C;01400-02799;right
1757;D;01400-02799;right
1758;E;01400-02799;right
1759;F;01400-02799;right
1760;G;01400-02799;right
1761;H;01400-02799;right
1762;I;01400-02799;right
1763;J;01400-02799;right
1764;K;01400-02799;right
1765;L;01400-02799;right
1766;M;01400-02799;right
1767;A;01400-02799;right
1768;B;01400-02799;right
1769;C;01400-02799;right
1770;D;01400-02799;right
1771;E;01400-02799;right
1772;F;01400-02799;right
1773;G;01400-02799;right
1774;H;01400-02799;right
1775;I;01400-02799;right
1776;J;01400-02799;right
1777;K;01400-02799;right
1778;L;01400-02799;right
1779;M;01400-02799;right
1780;A;01400-02799;right
1781;B;01400-02799;right
1782;C;01400-02799;right
1783;D;01400-02799;right
1784;E;01400-02799;right
1785;F;01400-02799;right
1786;G;01400-02799;right
1787;H;01400-02799;right
1788;I;01400-02799;right
1789;J;01400-02799;right
1790;K;01400-02799;right
1791;L;01400-02799;right
1792;M;01400-02799;right
1793;A;0-01400;right
1794;B;0-01400;right
1795;C;0-01400;right
1796;D;0-01400;right
1797;E;0-01400;right
1798;F;0-01400;right
1799;G;0-01400;right
1800;H;0-01400;right
1801;I;0-01400;right
1802;J;0-01400;right
1803;K;0-01400;right
1804;L;0-01400;right
1805;M;0-01400;right
1806;A;01400-02799;right
1807;B;01400-02799;right
1808;C;01400-02799;right
1809;D;01400-02799;right
1810;E;01400-02799;right
1811;F;01400-02799;right
1812;G;01400-02799;right
1813;H;01400-02799;right
1814;I;01400-02799;right
1815;J;01400-02799;right
1816;K;01400-02799;right
1817;L;01400-02799;right
1818;M;01400-02799;right
1819;A;01400-02799;right
1820;B;01400-02799;right
1821;C;01400-02799;right
1822;D;01400-02799;right
1823;E;01400-02799;right
1824;F;01400-02799;right
1825;G;01400-02799;right
1826;H;01400-02799;right
1827;I;01400-02799;right
1828;J;01400-02799;right
1829;K;01400-02799;right
1830;L;01400-02799;right
1831;M;01400-02799;right
1832;A;01400-02799;right
1833;B;01400-02799;right
1834;C;01400-02799;right
1835;D;01400-02799;right
1836;E;01400-02799;right
1837;F;01400-02799;right
1838;G;01400-02799;right
1839;H;01400-02799;right
1840;I;01400-02799;right
1841;J;01400-02799;right
1842;K;01400-02799;right
1843;L;01400-02799;right
1844;M;01400-02799;right
1845;A;01400-02799;right
1846;B;01400-02799;right
1847;C;01400-02799;right
1848;D;01400-02799;right
1849;E;01400-02799;right
1850;F;01400-02799;right
1851;G;01400-02799;right
1852;H;01400-02799;right
1853;I;01400-02799;right
1854;J;01400-02799;right
1855;K;01400-02799;right
1856;L;01400-02799;right
1857;M;01400-02799;right
1858;A;01400-02799;right
1859;B;01400-02799;right
1860;C;01400-02799;right
1861;D;01400-02799;right
1862;E;01400-02799;right
1863;F;01400-02799;right
1864;G;01400-02799;right
1865;H;01400-02799;right
1866;I;01400-02799;right
1867;J;01400-02799;right
1868;K;01400-02799;right
1869;L;01400-02799;right
1870;M;01400-02799;right
1871;A;01400-02799;right
1872;B;01400-02799;right
1873;C;01400-02799;right
1874;D;01400-02799;right
1875;E;01400-02799;right
1876;F;01400-02799;right
1877;G;01400-02799;right
1878;H;01400-02799;right
1879;I;01400-02799;right
1880;J;01400-02799;right
1881;K;01400-02799;right
1882;L;01400-02799;right
1883;M;01400-02799;right
1884;A;01400-02799;right
1885;B;01400-02799;right
1886;C;01400-02799;right
1887;D;01400-02799;right
1888;E;01400-02799;right
1889;F;01400-02799;right
1890;G;01400-02799;right
1891;H;01400-02799;right
1892;I;01400-02799;right
1893;J;01400-02799;right
1894;K;01400-02799;right
1895;L;01400-02799;right
1896;M;01400-02799;right
1897;A;04200-05599;right
1898;B;04200-05599;right
1899;C;04200-05599;right
1900;D;04200-05599;right
1901;E;04200-05599;right
1902;F;04200-05599;right
1903;G;04200-05599;right
1904;H;04200-05599;right
1905;I;04200-05599;right
1906;J;04200-05599;right
1907;K;04200-05599;right
1908;L;04200-05599;right
1909;M;04200-05599;right
1910;A;0-01400;right
1911;B;0-01400;right
1912;C;0-01400;right
1913;D;0-01400;right
1914;E;0-01400;right
1915;F;0-01400;right
1916;G;0-01400;right
1917;H;0-01400;right
1918;I;0-01400;right
1919;J;0-01400;right
1920;K;0-01400;right
1921;L;0-01400;right
1922;M;0-01400;right
1923;A;0-01400;right
1924;B;0-01400;right
1925;C;0-01400;right
1926;D;0-01400;right
1927;E;0-01400;right
1928;F;0-01400;right
1929;G;0-01400;right
1930;H;0-01400;right
1931;I;0-01400;right
1932;J;0-01400;right
1933;K;0-01400;right
1934;L;0-01400;right
1935;M;0-01400;right
1936;A;0-01400;right
1937;B;0-01400;right
1938;C;0-01400;right
1939;D;0-01400;right
1940;E;0-01400;right
1941;F;0-01400;right
1942;G;0-01400;right
1943;H;0-01400;right
1944;I;0-01400;right
1945;J;0-01400;right
1946;K;0-01400;right
1947;L;0-01400;right
1948;M;0-01400;right
1949;A;0-01400;right
1950;B;0-01400;right
1951;C;0-01400;right
1952;D;0-01400;right
1953;E;0-01400;right
1954;F;0-01400;right
1955;G;0-01400;right
1956;H;0-01400;right
1957;I;0-01400;right
1958;J;0-01400;right
1959;K;0-01400;right
1960;L;0-01400;right
1961;M;0-01400;right
1962;A;0-01400;right
1963;B;0-01400;right
1964;C;0-01400;right
1965;D;0-01400;right
1966;E;0-01400;right
1967;F;0-01400;right
1968;G;0-01400;right
1969;H;0-01400;right
1970;I;0-01400;right
1971;J;0-01400;right
1972;K;0-01400;right
1973;L;0-01400;right
1974;M;0-01400;right
