Label,X,Y,Z
1,116,102,19
2,117,102,19
3,118,102,19
4,115,103,19
5,116,103,19
6,117,103,19
7,118,103,19
8,115,104,19
9,116,104,19
10,117,104,19
11,116,102,20
12,117,102,20
13,116,103,20
14,117,103,20
15,116,104,20
16,117,104,20
17,97,147,25
18,98,147,25
19,97,148,25
20,98,148,25
21,97,146,26
22,98,146,26
23,97,147,26
24,98,147,26
25,99,147,26
26,97,148,26
27,98,148,26
28,99,148,26
29,97,147,27
30,98,147,27
31,97,148,27
32,98,148,27
33,155,128,32
34,156,128,32
35,155,129,32
36,156,129,32
37,113,156,38
38,114,156,38
39,113,157,38
40,114,157,38
41,113,156,39
42,114,156,39
43,115,156,39
44,113,157,39
45,114,157,39
46,115,157,39
47,113,156,40
48,114,156,40
49,113,157,40
50,114,157,40
51,155,64,46
52,156,64,46
53,154,65,46
54,155,65,46
55,156,65,46
56,154,66,46
57,155,66,46
58,156,66,46
59,155,64,47
60,156,64,47
61,155,65,47
62,156,65,47
63,122,143,50
64,123,143,50
65,122,144,50
66,123,144,50
67,91,112,51
68,92,112,51
69,91,113,51
70,92,113,51
71,91,112,52
72,92,112,52
73,91,113,52
74,92,113,52
75,101,178,52
76,102,178,52
77,101,179,52
78,102,179,52
79,173,99,54
80,174,99,54
81,173,100,54
82,174,100,54
83,117,184,56
84,118,184,56
85,117,185,56
86,118,185,56
87,114,180,59
88,115,180,59
89,114,181,59
90,115,181,59
91,144,183,59
92,145,183,59
93,144,184,59
94,145,184,59
95,144,185,59
96,145,185,59
97,154,146,64
98,155,146,64
99,154,147,64
100,155,147,64
101,156,147,64
102,154,148,64
103,155,148,64
104,156,148,64
105,154,146,65
106,155,146,65
107,154,147,65
108,155,147,65
109,98,119,67
110,99,119,67
111,98,120,67
112,99,120,67
113,110,150,68
114,111,150,68
115,110,151,68
116,111,151,68
117,153,91,72
118,154,91,72
119,155,91,72
120,153,92,72
121,154,92,72
122,155,92,72
123,153,93,72
124,154,93,72
125,155,93,72
126,153,90,73
127,154,90,73
128,155,90,73
129,152,91,73
130,153,91,73
131,154,91,73
132,155,91,73
133,156,91,73
134,152,92,73
135,153,92,73
136,154,92,73
137,155,92,73
138,156,92,73
139,153,93,73
140,154,93,73
141,155,93,73
142,156,93,73
143,154,94,73
144,153,90,74
145,154,90,74
146,155,90,74
147,152,91,74
148,153,91,74
149,154,91,74
150,155,91,74
151,156,91,74
152,152,92,74
153,153,92,74
154,154,92,74
155,155,92,74
156,156,92,74
157,153,93,74
158,154,93,74
159,155,93,74
160,154,91,75
161,155,91,75
162,154,92,75
163,155,92,75
164,121,119,86
165,122,119,86
166,121,120,86
167,122,120,86
168,121,121,86
169,122,121,86
170,137,95,8
171,140,99,8
172,133,96,9
173,132,100,9
174,147,94,10
175,116,100,10
176,125,103,10
177,149,89,11
178,134,94,11
179,145,98,11
180,115,102,11
181,131,102,11
182,144,102,11
183,129,104,11
184,137,105,11
185,145,85,12
186,144,87,12
187,145,90,12
188,153,93,12
189,159,95,12
190,113,96,12
191,155,97,12
192,135,99,12
193,127,102,12
194,134,106,12
195,144,107,12
196,133,111,12
197,108,85,13
198,104,88,13
199,144,88,13
200,150,91,13
201,152,94,13
202,121,97,13
203,112,100,13
204,146,102,13
205,154,105,13
206,140,108,13
207,146,108,13
208,149,79,14
209,140,84,14
210,112,85,14
211,101,87,14
212,105,88,14
213,109,88,14
214,154,88,14
215,158,88,14
216,156,90,14
217,159,93,14
218,99,94,14
219,160,94,14
220,131,96,14
221,153,98,14
222,106,101,14
223,130,102,14
224,111,105,14
225,147,107,14
226,111,77,15
227,106,78,15
228,118,78,15
229,117,80,15
230,141,82,15
231,143,85,15
232,117,87,15
233,126,89,15
234,149,91,15
235,128,92,15
236,107,94,15
237,136,94,15
238,150,95,15
239,146,96,15
240,127,98,15
241,145,100,15
242,134,101,15
243,114,104,15
244,127,106,15
245,143,106,15
246,111,107,15
247,122,111,15
248,146,78,16
249,106,81,16
250,115,81,16
251,151,84,16
252,117,87,16
253,162,89,16
254,156,91,16
255,112,92,16
256,118,92,16
257,129,92,16
258,99,95,16
259,105,95,16
260,119,97,16
261,126,97,16
262,96,100,16
263,149,101,16
264,109,103,16
265,124,103,16
266,141,103,16
267,129,104,16
268,154,105,16
269,121,107,16
270,117,109,16
271,126,109,16
272,140,75,17
273,137,77,17
274,107,81,17
275,110,81,17
276,120,81,17
277,104,82,17
278,103,84,17
279,132,86,17
280,133,87,17
281,116,89,17
282,165,91,17
283,99,94,17
284,157,95,17
285,94,96,17
286,135,97,17
287,141,98,17
288,152,100,17
289,112,102,17
290,166,102,17
291,146,103,17
292,162,104,17
293,136,107,17
294,109,110,17
295,148,141,17
296,153,75,18
297,145,79,18
298,137,81,18
299,98,84,18
300,143,86,18
301,166,86,18
302,159,88,18
303,118,89,18
304,130,89,18
305,126,91,18
306,94,94,18
307,151,94,18
308,153,95,18
309,152,97,18
310,131,99,18
311,140,100,18
312,167,101,18
313,120,102,18
314,153,104,18
315,116,107,18
316,109,109,18
317,134,113,18
318,153,136,18
319,152,139,18
320,109,71,19
321,139,75,19
322,114,78,19
323,141,79,19
324,130,80,19
325,160,81,19
326,122,84,19
327,162,86,19
328,125,87,19
329,143,87,19
330,113,89,19
331,108,90,19
332,127,90,19
333,100,91,19
334,120,93,19
335,162,93,19
336,169,95,19
337,126,96,19
338,108,98,19
339,103,100,19
340,168,101,19
341,136,103,19
342,108,104,19
343,135,105,19
344,154,107,19
345,108,108,19
346,106,110,19
347,135,110,19
348,143,111,19
349,145,132,19
350,147,138,19
351,153,144,19
352,119,69,20
353,118,70,20
354,141,74,20
355,116,77,20
356,108,78,20
357,97,79,20
358,114,81,20
359,157,82,20
360,105,85,20
361,104,86,20
362,137,87,20
363,97,88,20
364,142,89,20
365,124,91,20
366,161,93,20
367,131,95,20
368,170,95,20
369,165,96,20
370,147,98,20
371,165,99,20
372,159,100,20
373,138,102,20
374,158,103,20
375,140,105,20
376,129,106,20
377,122,108,20
378,150,111,20
379,129,113,20
380,122,115,20
381,132,116,20
382,132,117,20
383,153,132,20
384,147,134,20
385,104,137,20
386,104,138,20
387,144,140,20
388,138,141,20
389,162,144,20
390,150,152,20
391,138,69,21
392,137,72,21
393,138,74,21
394,145,74,21
395,123,77,21
396,125,77,21
397,145,78,21
398,103,80,21
399,165,80,21
400,106,81,21
401,137,82,21
402,112,83,21
403,142,85,21
404,141,86,21
405,155,86,21
406,165,87,21
407,149,88,21
408,116,89,21
409,170,90,21
410,123,92,21
411,164,93,21
412,134,94,21
413,163,94,21
414,138,95,21
415,150,97,21
416,89,100,21
417,101,101,21
418,139,101,21
419,109,102,21
420,145,103,21
421,155,105,21
422,121,106,21
423,132,107,21
424,145,110,21
425,136,116,21
426,104,127,21
427,160,131,21
428,170,132,21
429,143,134,21
430,140,137,21
431,148,138,21
432,147,139,21
433,98,141,21
434,146,143,21
435,113,145,21
436,112,147,21
437,156,152,21
438,108,70,22
439,118,71,22
440,135,74,22
441,140,74,22
442,140,76,22
443,98,77,22
444,153,78,22
445,117,81,22
446,121,82,22
447,156,84,22
448,168,86,22
449,110,87,22
450,163,87,22
451,104,90,22
452,94,91,22
453,116,93,22
454,141,95,22
455,160,96,22
456,158,98,22
457,164,100,22
458,90,101,22
459,107,103,22
460,126,103,22
461,136,105,22
462,131,106,22
463,130,108,22
464,128,110,22
465,132,113,22
466,135,120,22
467,130,121,22
468,128,123,22
469,146,127,22
470,171,128,22
471,142,132,22
472,156,134,22
473,168,134,22
474,140,135,22
475,155,135,22
476,116,137,22
477,105,139,22
478,142,140,22
479,101,141,22
480,165,143,22
481,114,146,22
482,112,150,22
483,148,151,22
484,113,69,23
485,139,69,23
486,108,70,23
487,113,71,23
488,153,71,23
489,133,74,23
490,117,75,23
491,109,77,23
492,127,77,23
493,127,79,23
494,106,80,23
495,148,81,23
496,105,82,23
497,114,82,23
498,141,82,23
499,146,84,23
500,140,86,23
501,91,88,23
502,119,90,23
503,131,91,23
504,154,93,23
505,100,94,23
506,113,95,23
507,106,96,23
508,124,98,23
509,90,100,23
510,113,100,23
511,96,101,23
512,151,101,23
513,113,102,23
514,97,103,23
515,147,104,23
516,132,106,23
517,129,109,23
518,127,110,23
519,147,113,23
520,124,118,23
521,157,125,23
522,96,126,23
523,152,126,23
524,149,128,23
525,146,131,23
526,172,131,23
527,111,134,23
528,164,136,23
529,168,138,23
530,103,140,23
531,116,142,23
532,154,144,23
533,137,145,23
534,96,146,23
535,154,146,23
536,147,147,23
537,114,149,23
538,102,150,23
539,145,153,23
540,144,68,24
541,123,72,24
542,115,75,24
543,159,75,24
544,155,77,24
545,129,79,24
546,146,81,24
547,97,82,24
548,102,82,24
549,150,82,24
550,92,85,24
551,99,85,24
552,130,86,24
553,154,86,24
554,120,88,24
555,154,88,24
556,96,89,24
557,141,89,24
558,156,91,24
559,145,92,24
560,160,92,24
561,140,93,24
562,158,95,24
563,92,97,24
564,118,98,24
565,137,98,24
566,91,100,24
567,165,101,24
568,132,103,24
569,144,105,24
570,128,107,24
571,144,109,24
572,148,111,24
573,139,115,24
574,123,122,24
575,172,124,24
576,162,127,24
577,111,128,24
578,145,130,24
579,108,131,24
580,153,131,24
581,92,134,24
582,161,136,24
583,136,139,24
584,146,141,24
585,143,143,24
586,117,144,24
587,145,146,24
588,146,148,24
589,115,149,24
590,160,151,24
591,148,152,24
592,122,66,25
593,155,70,25
594,122,73,25
595,124,74,25
596,161,76,25
597,130,77,25
598,157,79,25
599,133,81,25
600,136,83,25
601,135,85,25
602,146,86,25
603,102,88,25
604,94,89,25
605,144,90,25
606,167,92,25
607,154,93,25
608,157,95,25
609,165,96,25
610,96,97,25
611,102,99,25
612,169,99,25
613,117,101,25
614,91,103,25
615,141,104,25
616,106,106,25
617,138,108,25
618,126,110,25
619,116,111,25
620,139,112,25
621,129,114,25
622,142,114,25
623,129,115,25
624,121,116,25
625,173,120,25
626,121,121,25
627,154,123,25
628,93,124,25
629,94,124,25
630,108,126,25
631,112,127,25
632,104,130,25
633,161,132,25
634,154,133,25
635,114,136,25
636,102,138,25
637,153,138,25
638,118,141,25
639,168,143,25
640,108,146,25
641,160,148,25
642,165,150,25
643,151,151,25
644,158,153,25
645,137,67,26
646,125,68,26
647,144,68,26
648,127,70,26
649,102,73,26
650,141,73,26
651,152,75,26
652,132,78,26
653,104,80,26
654,161,81,26
655,94,82,26
656,120,84,26
657,151,86,26
658,91,88,26
659,105,90,26
660,104,92,26
661,101,94,26
662,172,94,26
663,92,97,26
664,138,97,26
665,141,97,26
666,153,99,26
667,140,100,26
668,143,101,26
669,100,102,26
670,122,104,26
671,164,106,26
672,130,107,26
673,167,108,26
674,145,111,26
675,149,113,26
676,113,116,26
677,176,119,26
678,130,122,26
679,103,123,26
680,161,123,26
681,87,124,26
682,160,125,26
683,145,126,26
684,178,126,26
685,141,129,26
686,102,132,26
687,111,133,26
688,156,133,26
689,165,133,26
690,175,135,26
691,171,137,26
692,166,139,26
693,115,141,26
694,144,142,26
695,119,144,26
696,143,144,26
697,153,145,26
698,164,146,26
699,168,147,26
700,143,151,26
701,154,153,26
702,111,154,26
703,119,67,27
704,131,70,27
705,128,71,27
706,128,72,27
707,107,75,27
708,104,76,27
709,92,78,27
710,136,80,27
711,140,80,27
712,147,82,27
713,88,84,27
714,90,86,27
715,106,87,27
716,105,89,27
717,159,89,27
718,172,90,27
719,163,91,27
720,98,93,27
721,116,95,27
722,95,97,27
723,155,97,27
724,103,98,27
725,172,98,27
726,98,101,27
727,131,101,27
728,120,102,27
729,155,103,27
730,146,105,27
731,142,106,27
732,135,107,27
733,101,108,27
734,106,108,27
735,138,108,27
736,171,110,27
737,114,111,27
738,134,114,27
739,129,115,27
740,177,117,27
741,150,120,27
742,118,122,27
743,158,123,27
744,149,125,27
745,150,125,27
746,131,126,27
747,87,127,27
748,156,127,27
749,100,129,27
750,157,130,27
751,164,130,27
752,151,132,27
753,104,134,27
754,108,136,27
755,155,136,27
756,165,138,27
757,106,140,27
758,161,142,27
759,111,144,27
760,170,146,27
761,141,147,27
762,99,149,27
763,169,149,27
764,101,153,27
765,163,153,27
766,165,154,27
767,113,67,28
768,136,67,28
769,148,68,28
770,114,72,28
771,140,73,28
772,132,74,28
773,151,75,28
774,120,77,28
775,120,78,28
776,138,78,28
777,155,79,28
778,161,80,28
779,166,81,28
780,134,83,28
781,100,85,28
782,117,85,28
783,125,87,28
784,169,87,28
785,110,89,28
786,170,89,28
787,172,90,28
788,87,93,28
789,93,93,28
790,153,93,28
791,159,94,28
792,161,94,28
793,106,95,28
794,113,96,28
795,107,98,28
796,90,99,28
797,103,99,28
798,100,101,28
799,105,101,28
800,149,102,28
801,90,104,28
802,151,105,28
803,102,106,28
804,109,107,28
805,141,109,28
806,124,110,28
807,130,110,28
808,129,111,28
809,132,113,28
810,148,115,28
811,129,117,28
812,168,118,28
813,137,119,28
814,119,120,28
815,142,120,28
816,86,121,28
817,131,122,28
818,101,123,28
819,140,123,28
820,160,124,28
821,149,126,28
822,178,127,28
823,148,129,28
824,117,131,28
825,137,132,28
826,88,133,28
827,160,133,28
828,170,135,28
829,99,137,28
830,109,139,28
831,143,139,28
832,171,140,28
833,147,141,28
834,156,141,28
835,106,143,28
836,146,144,28
837,138,146,28
838,102,149,28
839,148,150,28
840,106,153,28
841,104,158,28
842,110,65,29
843,134,66,29
844,144,67,29
845,147,68,29
846,149,69,29
847,126,71,29
848,113,74,29
849,121,75,29
850,157,75,29
851,115,77,29
852,150,79,29
853,92,81,29
854,90,82,29
855,141,83,29
856,142,85,29
857,171,86,29
858,171,88,29
859,158,89,29
860,161,89,29
861,160,91,29
862,172,92,29
863,113,93,29
864,108,94,29
865,113,95,29
866,121,95,29
867,91,97,29
868,150,98,29
869,109,99,29
870,117,99,29
871,126,100,29
872,113,102,29
873,157,102,29
874,96,103,29
875,146,104,29
876,175,105,29
877,115,107,29
878,148,109,29
879,102,110,29
880,173,111,29
881,131,112,29
882,176,114,29
883,136,116,29
884,91,117,29
885,99,118,29
886,121,119,29
887,151,120,29
888,139,122,29
889,82,123,29
890,117,124,29
891,110,125,29
892,82,127,29
893,88,127,29
894,103,128,29
895,166,128,29
896,155,129,29
897,120,130,29
898,119,132,29
899,165,133,29
900,146,135,29
901,86,136,29
902,150,137,29
903,151,138,29
904,111,139,29
905,145,139,29
906,104,141,29
907,146,142,29
908,108,144,29
909,146,145,29
910,104,147,29
911,164,147,29
912,99,149,29
913,160,149,29
914,166,149,29
915,112,153,29
916,160,155,29
917,116,65,30
918,101,69,30
919,113,70,30
920,119,72,30
921,159,72,30
922,130,75,30
923,132,75,30
924,107,77,30
925,138,79,30
926,92,81,30
927,99,81,30
928,101,81,30
929,122,82,30
930,144,82,30
931,104,83,30
932,145,83,30
933,150,83,30
934,94,86,30
935,121,86,30
936,125,86,30
937,137,87,30
938,152,89,30
939,153,90,30
940,155,91,30
941,167,93,30
942,114,95,30
943,91,96,30
944,108,97,30
945,117,97,30
946,148,98,30
947,175,98,30
948,92,99,30
949,128,100,30
950,161,100,30
951,153,102,30
952,168,104,30
953,159,106,30
954,115,107,30
955,119,108,30
956,160,109,30
957,150,110,30
958,120,112,30
959,141,113,30
960,165,113,30
961,86,114,30
962,166,115,30
963,180,116,30
964,149,118,30
965,85,120,30
966,84,121,30
967,111,121,30
968,158,121,30
969,104,123,30
970,96,124,30
971,170,124,30
972,117,125,30
973,147,125,30
974,93,127,30
975,96,128,30
976,97,130,30
977,113,132,30
978,166,132,30
979,86,135,30
980,97,137,30
981,157,137,30
982,115,139,30
983,151,140,30
984,162,142,30
985,138,143,30
986,143,144,30
987,99,146,30
988,150,146,30
989,118,148,30
990,170,149,30
991,149,152,30
992,160,154,30
993,104,158,30
994,109,65,31
995,103,68,31
996,149,68,31
997,101,70,31
998,125,70,31
999,105,72,31
1000,150,74,31
1001,135,75,31
1002,153,75,31
1003,117,78,31
1004,153,79,31
1005,137,80,31
1006,94,81,31
1007,112,83,31
1008,113,83,31
1009,148,83,31
1010,120,85,31
1011,145,87,31
1012,167,88,31
1013,96,91,31
1014,112,92,31
1015,126,94,31
1016,96,95,31
1017,166,96,31
1018,106,98,31
1019,136,99,31
1020,105,101,31
1021,122,101,31
1022,116,103,31
1023,112,105,31
1024,161,105,31
1025,124,107,31
1026,109,108,31
1027,175,108,31
1028,163,109,31
1029,147,111,31
1030,161,111,31
1031,157,113,31
1032,105,114,31
1033,152,115,31
1034,142,116,31
1035,97,117,31
1036,169,117,31
1037,101,119,31
1038,102,120,31
1039,84,122,31
1040,93,123,31
1041,121,123,31
1042,162,123,31
1043,120,124,31
1044,178,125,31
1045,83,126,31
1046,155,127,31
1047,164,127,31
1048,131,129,31
1049,134,130,31
1050,100,132,31
1051,106,132,31
1052,102,134,31
1053,112,136,31
1054,179,137,31
1055,90,140,31
1056,100,140,31
1057,121,142,31
1058,159,144,31
1059,164,146,31
1060,107,148,31
1061,137,149,31
1062,117,150,31
1063,96,151,31
1064,143,153,31
1065,154,155,31
1066,142,63,32
1067,151,65,32
1068,149,67,32
1069,144,68,32
1070,147,71,32
1071,142,74,32
1072,104,75,32
1073,134,77,32
1074,144,77,32
1075,92,80,32
1076,140,81,32
1077,132,83,32
1078,94,84,32
1079,96,84,32
1080,115,86,32
1081,130,88,32
1082,147,90,32
1083,164,90,32
1084,167,90,32
1085,86,91,32
1086,170,92,32
1087,137,93,32
1088,90,95,32
1089,127,95,32
1090,137,96,32
1091,115,97,32
1092,106,99,32
1093,99,100,32
1094,111,101,32
1095,165,102,32
1096,151,103,32
1097,152,103,32
1098,153,104,32
1099,91,105,32
1100,127,105,32
1101,159,105,32
1102,129,106,32
1103,103,108,32
1104,171,109,32
1105,143,111,32
1106,160,111,32
1107,124,113,32
1108,152,113,32
1109,130,115,32
1110,103,117,32
1111,140,118,32
1112,79,120,32
1113,145,120,32
1114,91,122,32
1115,96,123,32
1116,85,125,32
1117,113,126,32
1118,153,127,32
1119,149,129,32
1120,155,130,32
1121,173,131,32
1122,156,132,32
1123,158,133,32
1124,141,134,32
1125,179,134,32
1126,85,136,32
1127,169,137,32
1128,99,138,32
1129,177,139,32
1130,160,140,32
1131,167,141,32
1132,143,143,32
1133,94,144,32
1134,174,144,32
1135,102,147,32
1136,97,149,32
1137,95,150,32
1138,102,151,32
1139,168,153,32
1140,100,157,32
1141,132,64,33
1142,129,66,33
1143,105,67,33
1144,113,70,33
1145,109,72,33
1146,160,72,33
1147,104,73,33
1148,101,75,33
1149,141,75,33
1150,160,76,33
1151,91,79,33
1152,158,79,33
1153,118,81,33
1154,169,82,33
1155,101,83,33
1156,148,84,33
1157,162,85,33
1158,160,87,33
1159,132,89,33
1160,140,90,33
1161,86,91,33
1162,86,92,33
1163,89,93,33
1164,99,94,33
1165,128,94,33
1166,135,94,33
1167,176,94,33
1168,159,96,33
1169,108,97,33
1170,100,99,33
1171,92,101,33
1172,105,102,33
1173,131,102,33
1174,89,104,33
1175,104,105,33
1176,98,106,33
1177,159,107,33
1178,143,108,33
1179,116,109,33
1180,81,110,33
1181,132,111,33
1182,164,112,33
1183,127,114,33
1184,151,115,33
1185,142,116,33
1186,172,116,33
1187,158,118,33
1188,93,120,33
1189,104,120,33
1190,81,122,33
1191,115,123,33
1192,128,124,33
1193,151,124,33
1194,132,126,33
1195,136,126,33
1196,121,128,33
1197,126,129,33
1198,129,129,33
1199,99,130,33
1200,134,131,33
1201,112,133,33
1202,89,135,33
1203,150,136,33
1204,92,138,33
1205,150,138,33
1206,120,139,33
1207,115,140,33
1208,115,142,33
1209,107,143,33
1210,88,144,33
1211,96,144,33
1212,126,146,33
1213,105,148,33
1214,111,149,33
1215,141,151,33
1216,145,151,33
1217,105,154,33
1218,149,156,33
1219,122,158,33
1220,133,164,33
1221,132,65,34
1222,157,68,34
1223,156,71,34
1224,160,71,34
1225,115,73,34
1226,140,75,34
1227,145,77,34
1228,120,78,34
1229,163,79,34
1230,96,80,34
1231,102,81,34
1232,132,82,34
1233,147,84,34
1234,91,86,34
1235,106,87,34
1236,156,87,34
1237,120,89,34
1238,94,91,34
1239,175,92,34
1240,117,94,34
1241,154,95,34
1242,161,95,34
1243,111,97,34
1244,111,98,34
1245,86,100,34
1246,81,101,34
1247,160,101,34
1248,171,101,34
1249,97,102,34
1250,131,102,34
1251,85,103,34
1252,171,104,34
1253,150,106,34
1254,100,108,34
1255,145,108,34
1256,183,109,34
1257,121,111,34
1258,118,112,34
1259,165,113,34
1260,141,114,34
1261,107,115,34
1262,134,116,34
1263,98,117,34
1264,170,117,34
1265,115,119,34
1266,84,121,34
1267,115,122,34
1268,185,122,34
1269,152,124,34
1270,92,126,34
1271,137,126,34
1272,97,127,34
1273,98,127,34
1274,157,127,34
1275,121,129,34
1276,108,131,34
1277,92,132,34
1278,107,132,34
1279,182,133,34
1280,120,134,34
1281,86,136,34
1282,145,137,34
1283,112,138,34
1284,117,138,34
1285,173,139,34
1286,150,141,34
1287,156,141,34
1288,175,142,34
1289,140,143,34
1290,115,144,34
1291,97,145,34
1292,125,145,34
1293,119,146,34
1294,110,147,34
1295,98,149,34
1296,173,150,34
1297,140,152,34
1298,114,154,34
1299,145,154,34
1300,116,156,34
1301,165,158,34
1302,133,164,34
1303,109,60,35
1304,117,62,35
1305,123,65,35
1306,137,67,35
1307,141,69,35
1308,111,71,35
1309,125,71,35
1310,98,73,35
1311,102,74,35
1312,161,74,35
1313,104,75,35
1314,126,77,35
1315,128,78,35
1316,156,78,35
1317,113,80,35
1318,117,80,35
1319,117,82,35
1320,95,83,35
1321,167,83,35
1322,101,84,35
1323,156,85,35
1324,88,86,35
1325,124,86,35
1326,117,88,35
1327,96,89,35
1328,89,91,35
1329,133,91,35
1330,134,91,35
1331,137,92,35
1332,113,94,35
1333,160,95,35
1334,142,96,35
1335,176,97,35
1336,139,99,35
1337,90,101,35
1338,98,101,35
1339,141,102,35
1340,128,104,35
1341,79,105,35
1342,122,106,35
1343,120,107,35
1344,183,108,35
1345,105,110,35
1346,80,111,35
1347,152,112,35
1348,96,114,35
1349,96,115,35
1350,138,116,35
1351,170,117,35
1352,120,118,35
1353,140,118,35
1354,118,120,35
1355,131,120,35
1356,110,122,35
1357,185,123,35
1358,112,125,35
1359,167,125,35
1360,135,126,35
1361,86,128,35
1362,82,129,35
1363,167,130,35
1364,118,131,35
1365,98,132,35
1366,174,133,35
1367,92,135,35
1368,95,136,35
1369,139,136,35
1370,123,137,35
1371,104,139,35
1372,170,140,35
1373,175,141,35
1374,98,143,35
1375,147,144,35
1376,164,145,35
1377,157,146,35
1378,103,148,35
1379,120,150,35
1380,143,151,35
1381,96,154,35
1382,106,154,35
1383,127,155,35
1384,163,155,35
1385,129,156,35
1386,129,157,35
1387,108,158,35
1388,120,158,35
1389,154,160,35
1390,116,162,35
1391,131,167,35
1392,141,61,36
1393,142,62,36
1394,118,66,36
1395,137,66,36
1396,143,66,36
1397,141,69,36
1398,149,69,36
1399,131,70,36
1400,96,73,36
1401,106,74,36
1402,134,76,36
1403,161,76,36
1404,160,78,36
1405,122,79,36
1406,110,81,36
1407,126,83,36
1408,163,83,36
1409,117,84,36
1410,107,85,36
1411,135,85,36
1412,172,85,36
1413,168,86,36
1414,100,88,36
1415,109,90,36
1416,161,91,36
1417,133,93,36
1418,172,94,36
1419,146,95,36
1420,108,96,36
1421,86,98,36
1422,135,98,36
1423,91,99,36
1424,169,100,36
1425,128,102,36
1426,83,103,36
1427,112,103,36
1428,96,104,36
1429,145,104,36
1430,164,104,36
1431,116,105,36
1432,133,105,36
1433,77,106,36
1434,106,107,36
1435,135,108,36
1436,131,109,36
1437,96,110,36
1438,142,111,36
1439,96,113,36
1440,102,113,36
1441,110,114,36
1442,119,115,36
1443,87,117,36
1444,94,118,36
1445,175,118,36
1446,116,119,36
1447,106,120,36
1448,154,120,36
1449,118,122,36
1450,99,123,36
1451,112,124,36
1452,89,126,36
1453,104,126,36
1454,153,127,36
1455,114,128,36
1456,91,129,36
1457,155,129,36
1458,114,131,36
1459,154,132,36
1460,143,133,36
1461,91,134,36
1462,152,134,36
1463,156,135,36
1464,83,136,36
1465,181,137,36
1466,112,139,36
1467,174,139,36
1468,100,140,36
1469,147,140,36
1470,94,142,36
1471,158,142,36
1472,152,144,36
1473,88,145,36
1474,101,146,36
1475,109,146,36
1476,134,147,36
1477,111,149,36
1478,163,150,36
1479,147,152,36
1480,114,153,36
1481,150,155,36
1482,113,157,36
1483,146,158,36
1484,149,158,36
1485,131,161,36
1486,159,161,36
1487,141,166,36
1488,125,169,36
1489,137,171,36
1490,125,175,36
1491,112,60,37
1492,113,60,37
1493,107,61,37
1494,146,63,37
1495,126,66,37
1496,140,68,37
1497,113,71,37
1498,115,73,37
1499,142,74,37
1500,120,76,37
1501,142,76,37
1502,150,78,37
1503,129,80,37
1504,149,80,37
1505,156,81,37
1506,115,82,37
1507,93,83,37
1508,108,83,37
1509,118,84,37
1510,161,85,37
1511,88,87,37
1512,97,89,37
1513,97,90,37
1514,166,91,37
1515,147,92,37
1516,87,94,37
1517,82,96,37
1518,110,97,37
1519,168,97,37
1520,117,98,37
1521,152,99,37
1522,88,101,37
1523,157,101,37
1524,112,102,37
1525,157,102,37
1526,107,104,37
1527,121,105,37
1528,154,105,37
1529,109,106,37
1530,82,108,37
1531,84,109,37
1532,139,109,37
1533,92,111,37
1534,109,111,37
1535,171,112,37
1536,173,112,37
1537,77,114,37
1538,117,115,37
1539,82,117,37
1540,104,118,37
1541,182,119,37
1542,160,120,37
1543,144,121,37
1544,101,122,37
1545,105,122,37
1546,86,124,37
1547,172,124,37
1548,141,125,37
1549,134,126,37
1550,183,126,37
1551,101,128,37
1552,87,130,37
1553,87,131,37
1554,114,131,37
1555,152,131,37
1556,112,133,37
1557,124,133,37
1558,140,134,37
1559,121,135,37
1560,142,135,37
1561,154,136,37
1562,178,136,37
1563,91,138,37
1564,118,139,37
1565,149,139,37
1566,115,140,37
1567,144,141,37
1568,108,142,37
1569,111,144,37
1570,150,145,37
1571,141,146,37
1572,88,147,37
1573,103,149,37
1574,141,149,37
1575,102,150,37
1576,114,152,37
1577,141,152,37
1578,122,153,37
1579,153,153,37
1580,149,155,37
1581,143,157,37
1582,123,158,37
1583,110,161,37
1584,134,161,37
1585,119,163,37
1586,129,165,37
1587,116,169,37
1588,140,172,37
1589,117,59,38
1590,150,62,38
1591,112,64,38
1592,157,66,38
1593,137,68,38
1594,133,70,38
1595,155,72,38
1596,120,75,38
1597,90,77,38
1598,122,79,38
1599,118,81,38
1600,122,81,38
1601,158,82,38
1602,163,82,38
1603,170,84,38
1604,122,86,38
1605,100,87,38
1606,128,87,38
1607,151,88,38
1608,115,89,38
1609,106,91,38
1610,100,93,38
1611,106,93,38
1612,164,93,38
1613,160,95,38
1614,116,97,38
1615,127,98,38
1616,171,98,38
1617,150,99,38
1618,119,101,38
1619,135,102,38
1620,107,104,38
1621,144,104,38
1622,157,104,38
1623,129,105,38
1624,110,107,38
1625,89,109,38
1626,180,109,38
1627,97,110,38
1628,113,111,38
1629,139,112,38
1630,100,114,38
1631,159,114,38
1632,181,114,38
1633,153,116,38
1634,123,117,38
1635,175,118,38
1636,112,119,38
1637,165,120,38
1638,135,122,38
1639,120,123,38
1640,116,124,38
1641,158,125,38
1642,129,126,38
1643,176,127,38
1644,116,128,38
1645,159,128,38
1646,145,129,38
1647,101,131,38
1648,156,131,38
1649,91,132,38
1650,104,133,38
1651,96,135,38
1652,101,136,38
1653,151,136,38
1654,128,138,38
1655,99,139,38
1656,110,140,38
1657,107,141,38
1658,87,142,38
1659,170,143,38
1660,86,146,38
1661,93,148,38
1662,154,148,38
1663,96,149,38
1664,109,150,38
1665,132,152,38
1666,96,153,38
1667,140,154,38
1668,160,155,38
1669,97,156,38
1670,115,157,38
1671,147,158,38
1672,139,159,38
1673,150,160,38
1674,153,162,38
1675,160,162,38
1676,158,165,38
1677,140,169,38
1678,134,173,38
1679,141,174,38
1680,130,182,38
1681,147,57,39
1682,121,61,39
1683,127,63,39
1684,125,65,39
1685,98,68,39
1686,146,68,39
1687,130,69,39
1688,154,70,39
1689,123,71,39
1690,95,72,39
1691,145,73,39
1692,109,75,39
1693,127,75,39
1694,144,75,39
1695,132,77,39
1696,136,79,39
1697,107,80,39
1698,127,81,39
1699,167,82,39
1700,169,82,39
1701,92,83,39
1702,123,83,39
1703,164,84,39
1704,168,86,39
1705,107,87,39
1706,124,87,39
1707,116,89,39
1708,162,90,39
1709,168,91,39
1710,128,92,39
1711,180,93,39
1712,181,93,39
1713,93,94,39
1714,84,95,39
1715,126,96,39
1716,131,97,39
1717,168,97,39
1718,130,98,39
1719,177,99,39
1720,152,101,39
1721,104,103,39
1722,184,103,39
1723,166,105,39
1724,128,107,39
1725,83,109,39
1726,168,110,39
1727,129,112,39
1728,177,112,39
1729,140,113,39
1730,139,114,39
1731,110,115,39
1732,163,115,39
1733,184,115,39
1734,118,116,39
1735,92,118,39
1736,87,119,39
1737,139,119,39
1738,104,121,39
1739,118,122,39
1740,93,123,39
1741,176,124,39
1742,180,125,39
1743,163,126,39
1744,140,127,39
1745,183,127,39
1746,100,129,39
1747,80,131,39
1748,117,132,39
1749,167,132,39
1750,161,133,39
1751,80,135,39
1752,161,135,39
1753,168,135,39
1754,105,137,39
1755,164,138,39
1756,147,140,39
1757,166,140,39
1758,126,142,39
1759,130,143,39
1760,114,144,39
1761,96,146,39
1762,161,146,39
1763,134,147,39
1764,148,148,39
1765,153,150,39
1766,94,152,39
1767,119,152,39
1768,111,153,39
1769,135,153,39
1770,166,153,39
1771,146,155,39
1772,129,156,39
1773,125,158,39
1774,112,160,39
1775,145,161,39
1776,161,161,39
1777,102,163,39
1778,116,165,39
1779,159,167,39
1780,132,170,39
1781,139,171,39
1782,158,171,39
1783,163,171,39
1784,120,173,39
1785,121,174,39
1786,124,174,39
1787,125,176,39
1788,124,177,39
1789,132,177,39
1790,132,180,39
1791,134,180,39
1792,122,56,40
1793,152,60,40
1794,126,63,40
1795,106,66,40
1796,159,68,40
1797,142,70,40
1798,97,71,40
1799,107,71,40
1800,111,71,40
1801,113,71,40
1802,126,72,40
1803,140,73,40
1804,146,74,40
1805,135,76,40
1806,126,77,40
1807,107,79,40
1808,117,81,40
1809,92,83,40
1810,101,85,40
1811,113,86,40
1812,147,87,40
1813,159,88,40
1814,147,90,40
1815,163,90,40
1816,100,92,40
1817,84,93,40
1818,111,93,40
1819,144,93,40
1820,99,94,40
1821,150,95,40
1822,171,96,40
1823,113,97,40
1824,163,97,40
1825,120,99,40
1826,153,99,40
1827,81,100,40
1828,93,100,40
1829,149,100,40
1830,123,101,40
1831,146,102,40
1832,152,102,40
1833,104,104,40
1834,105,105,40
1835,106,106,40
1836,80,108,40
1837,135,109,40
1838,113,110,40
1839,149,111,40
1840,94,112,40
1841,175,112,40
1842,179,112,40
1843,180,112,40
1844,177,113,40
1845,160,114,40
1846,165,115,40
1847,108,116,40
1848,180,117,40
1849,130,119,40
1850,121,120,40
1851,175,120,40
1852,134,122,40
1853,113,123,40
1854,81,125,40
1855,140,126,40
1856,140,127,40
1857,107,128,40
1858,85,130,40
1859,101,131,40
1860,123,132,40
1861,143,133,40
1862,159,134,40
1863,110,136,40
1864,92,138,40
1865,151,139,40
1866,83,140,40
1867,162,141,40
1868,85,142,40
1869,139,142,40
1870,142,142,40
1871,108,144,40
1872,139,144,40
1873,108,146,40
1874,119,148,40
1875,121,150,40
1876,136,151,40
1877,164,153,40
1878,153,155,40
1879,117,156,40
1880,110,157,40
1881,120,157,40
1882,160,159,40
1883,113,162,40
1884,105,163,40
1885,139,163,40
1886,156,164,40
1887,132,165,40
1888,107,167,40
1889,115,169,40
1890,108,172,40
1891,134,172,40
1892,125,174,40
1893,148,177,40
1894,128,181,40
1895,126,58,41
1896,112,59,41
1897,146,61,41
1898,102,64,41
1899,130,65,41
1900,135,65,41
1901,159,67,41
1902,147,70,41
1903,105,71,41
1904,109,71,41
1905,161,71,41
1906,108,72,41
1907,109,74,41
1908,97,75,41
1909,121,76,41
1910,96,78,41
1911,162,78,41
1912,162,79,41
1913,154,80,41
1914,111,81,41
1915,163,82,41
1916,115,83,41
1917,150,83,41
1918,139,84,41
1919,166,85,41
1920,163,87,41
1921,123,89,41
1922,132,90,41
1923,122,92,41
1924,86,93,41
1925,105,94,41
1926,132,94,41
1927,91,96,41
1928,112,97,41
1929,159,98,41
1930,106,99,41
1931,84,101,41
1932,81,102,41
1933,92,102,41
1934,106,102,41
1935,133,103,41
1936,158,104,41
1937,120,105,41
1938,99,107,41
1939,153,108,41
1940,166,109,41
1941,87,110,41
1942,141,110,41
1943,143,110,41
1944,118,112,41
1945,130,113,41
1946,161,113,41
1947,131,114,41
1948,126,115,41
1949,140,115,41
1950,165,116,41
1951,108,118,41
1952,161,119,41
1953,100,120,41
1954,169,120,41
1955,132,121,41
1956,85,122,41
1957,111,122,41
1958,85,123,41
1959,98,123,41
1960,114,123,41
1961,148,124,41
1962,100,126,41
1963,152,127,41
1964,153,128,41
1965,120,129,41
1966,136,130,41
1967,152,130,41
1968,154,131,41
1969,142,132,41
1970,148,133,41
1971,90,135,41
1972,168,135,41
1973,123,136,41
1974,129,136,41
1975,171,137,41
1976,180,137,41
1977,174,138,41
1978,119,140,41
1979,99,142,41
1980,170,142,41
1981,179,143,41
1982,152,145,41
1983,174,145,41
1984,133,146,41
1985,177,147,41
1986,89,148,41
1987,111,148,41
1988,96,150,41
1989,172,150,41
1990,119,151,41
1991,141,153,41
1992,135,154,41
1993,167,156,41
1994,104,159,41
1995,129,159,41
1996,161,161,41
1997,94,162,41
1998,136,162,41
1999,96,163,41
2000,119,164,41
2001,151,165,41
2002,156,166,41
2003,102,168,41
2004,133,168,41
2005,137,170,41
2006,155,172,41
2007,157,175,41
2008,152,178,41
2009,121,180,41
2010,140,182,41
2011,132,186,41
2012,119,57,42
2013,121,61,42
2014,122,62,42
2015,123,65,42
2016,116,66,42
2017,159,66,42
2018,142,68,42
2019,122,69,42
2020,138,70,42
2021,121,72,42
2022,138,74,42
2023,130,75,42
2024,140,76,42
2025,166,77,42
2026,98,80,42
2027,104,82,42
2028,83,84,42
2029,125,85,42
2030,169,86,42
2031,108,87,42
2032,174,88,42
2033,88,90,42
2034,169,90,42
2035,155,91,42
2036,158,91,42
2037,151,92,42
2038,98,93,42
2039,102,93,42
2040,138,93,42
2041,82,94,42
2042,132,94,42
2043,102,96,42
2044,160,97,42
2045,93,99,42
2046,141,99,42
2047,171,100,42
2048,77,102,42
2049,122,102,42
2050,114,103,42
2051,171,104,42
2052,181,104,42
2053,101,106,42
2054,152,107,42
2055,178,107,42
2056,84,109,42
2057,144,109,42
2058,157,109,42
2059,89,110,42
2060,101,110,42
2061,147,111,42
2062,140,112,42
2063,111,113,42
2064,122,113,42
2065,84,114,42
2066,86,114,42
2067,106,114,42
2068,100,115,42
2069,110,116,42
2070,178,117,42
2071,132,119,42
2072,167,120,42
2073,101,122,42
2074,83,124,42
2075,178,124,42
2076,138,125,42
2077,92,126,42
2078,92,127,42
2079,164,128,42
2080,92,130,42
2081,79,131,42
2082,140,132,42
2083,85,134,42
2084,89,134,42
2085,145,135,42
2086,110,137,42
2087,141,137,42
2088,140,139,42
2089,154,140,42
2090,119,142,42
2091,100,143,42
2092,124,143,42
2093,174,144,42
2094,162,146,42
2095,167,147,42
2096,145,148,42
2097,137,149,42
2098,143,149,42
2099,102,151,42
2100,111,153,42
2101,171,154,42
2102,104,156,42
2103,105,158,42
2104,103,159,42
2105,120,160,42
2106,124,160,42
2107,103,161,42
2108,167,161,42
2109,91,162,42
2110,170,163,42
2111,99,164,42
2112,105,166,42
2113,161,167,42
2114,134,169,42
2115,131,170,42
2116,149,172,42
2117,150,172,42
2118,142,175,42
2119,152,178,42
2120,110,181,42
2121,132,182,42
2122,136,186,42
2123,113,60,43
2124,151,61,43
2125,156,64,43
2126,115,65,43
2127,144,66,43
2128,152,67,43
2129,115,68,43
2130,93,71,43
2131,126,73,43
2132,156,73,43
2133,112,74,43
2134,134,75,43
2135,162,75,43
2136,133,77,43
2137,129,79,43
2138,117,80,43
2139,128,82,43
2140,110,83,43
2141,150,83,43
2142,153,85,43
2143,87,86,43
2144,99,86,43
2145,135,86,43
2146,82,87,43
2147,167,87,43
2148,178,87,43
2149,177,89,43
2150,116,91,43
2151,85,93,43
2152,125,93,43
2153,139,94,43
2154,112,95,43
2155,91,97,43
2156,160,97,43
2157,175,97,43
2158,135,99,43
2159,167,100,43
2160,169,101,43
2161,89,103,43
2162,132,103,43
2163,153,103,43
2164,87,104,43
2165,172,104,43
2166,103,105,43
2167,168,105,43
2168,179,106,43
2169,153,108,43
2170,129,110,43
2171,76,111,43
2172,148,112,43
2173,112,113,43
2174,98,114,43
2175,153,114,43
2176,128,115,43
2177,175,116,43
2178,136,117,43
2179,179,117,43
2180,98,119,43
2181,186,119,43
2182,109,121,43
2183,122,122,43
2184,118,123,43
2185,160,124,43
2186,108,125,43
2187,157,125,43
2188,175,125,43
2189,146,127,43
2190,106,128,43
2191,129,129,43
2192,154,129,43
2193,124,130,43
2194,138,131,43
2195,164,132,43
2196,93,133,43
2197,121,133,43
2198,114,135,43
2199,108,136,43
2200,133,137,43
2201,141,138,43
2202,107,139,43
2203,116,140,43
2204,127,140,43
2205,98,141,43
2206,105,141,43
2207,165,141,43
2208,136,142,43
2209,140,144,43
2210,87,145,43
2211,157,146,43
2212,109,147,43
2213,172,147,43
2214,146,148,43
2215,114,150,43
2216,119,151,43
2217,143,153,43
2218,166,155,43
2219,139,157,43
2220,169,159,43
2221,171,160,43
2222,166,162,43
2223,96,165,43
2224,123,167,43
2225,136,169,43
2226,163,170,43
2227,121,171,43
2228,123,172,43
2229,166,173,43
2230,124,174,43
2231,136,176,43
2232,143,176,43
2233,160,178,43
2234,108,180,43
2235,113,182,43
2236,155,182,43
2237,127,184,43
2238,114,57,44
2239,131,60,44
2240,124,61,44
2241,103,64,44
2242,143,65,44
2243,98,68,44
2244,126,68,44
2245,133,69,44
2246,103,71,44
2247,113,73,44
2248,121,74,44
2249,152,75,44
2250,155,76,44
2251,166,76,44
2252,121,78,44
2253,103,79,44
2254,108,79,44
2255,148,80,44
2256,101,81,44
2257,174,82,44
2258,170,83,44
2259,105,85,44
2260,168,86,44
2261,163,88,44
2262,123,89,44
2263,163,90,44
2264,82,92,44
2265,101,92,44
2266,171,93,44
2267,150,95,44
2268,111,96,44
2269,92,97,44
2270,160,97,44
2271,118,98,44
2272,101,99,44
2273,135,99,44
2274,140,100,44
2275,85,101,44
2276,116,101,44
2277,172,101,44
2278,141,103,44
2279,82,104,44
2280,90,105,44
2281,88,106,44
2282,94,106,44
2283,181,106,44
2284,156,107,44
2285,106,108,44
2286,163,109,44
2287,80,111,44
2288,121,111,44
2289,157,112,44
2290,89,114,44
2291,171,115,44
2292,95,116,44
2293,103,116,44
2294,108,117,44
2295,151,118,44
2296,134,119,44
2297,155,119,44
2298,84,120,44
2299,146,121,44
2300,78,122,44
2301,84,123,44
2302,183,123,44
2303,155,124,44
2304,87,126,44
2305,99,127,44
2306,168,128,44
2307,100,130,44
2308,163,131,44
2309,167,131,44
2310,178,132,44
2311,93,134,44
2312,112,135,44
2313,158,135,44
2314,166,135,44
2315,155,137,44
2316,112,139,44
2317,167,140,44
2318,111,141,44
2319,128,141,44
2320,127,143,44
2321,178,143,44
2322,158,145,44
2323,145,146,44
2324,94,147,44
2325,146,147,44
2326,128,148,44
2327,86,150,44
2328,139,150,44
2329,160,150,44
2330,158,151,44
2331,153,153,44
2332,109,154,44
2333,110,154,44
2334,124,154,44
2335,92,155,44
2336,166,156,44
2337,171,157,44
2338,127,159,44
2339,100,161,44
2340,102,162,44
2341,133,164,44
2342,156,165,44
2343,119,167,44
2344,100,169,44
2345,125,169,44
2346,151,171,44
2347,109,172,44
2348,113,174,44
2349,104,177,44
2350,104,180,44
2351,105,180,44
2352,149,182,44
2353,126,185,44
2354,148,57,45
2355,135,59,45
2356,144,60,45
2357,117,63,45
2358,102,64,45
2359,136,64,45
2360,110,65,45
2361,161,66,45
2362,108,69,45
2363,155,69,45
2364,126,70,45
2365,125,71,45
2366,102,73,45
2367,99,74,45
2368,125,75,45
2369,111,77,45
2370,107,79,45
2371,134,80,45
2372,167,80,45
2373,134,82,45
2374,116,84,45
2375,98,86,45
2376,118,86,45
2377,143,86,45
2378,100,87,45
2379,143,87,45
2380,121,88,45
2381,130,89,45
2382,100,91,45
2383,130,91,45
2384,158,91,45
2385,143,92,45
2386,113,94,45
2387,114,95,45
2388,80,96,45
2389,122,97,45
2390,80,98,45
2391,120,98,45
2392,153,98,45
2393,99,99,45
2394,151,100,45
2395,119,101,45
2396,154,102,45
2397,78,103,45
2398,130,103,45
2399,107,104,45
2400,111,105,45
2401,169,106,45
2402,125,107,45
2403,145,108,45
2404,148,109,45
2405,177,110,45
2406,137,111,45
2407,79,113,45
2408,88,114,45
2409,126,115,45
2410,79,116,45
2411,165,117,45
2412,142,119,45
2413,150,120,45
2414,118,121,45
2415,178,121,45
2416,151,123,45
2417,152,123,45
2418,98,124,45
2419,97,125,45
2420,162,125,45
2421,146,126,45
2422,141,127,45
2423,167,128,45
2424,184,128,45
2425,128,130,45
2426,178,130,45
2427,180,131,45
2428,87,133,45
2429,106,134,45
2430,147,135,45
2431,121,137,45
2432,131,137,45
2433,83,138,45
2434,110,139,45
2435,104,140,45
2436,180,141,45
2437,115,142,45
2438,168,143,45
2439,116,144,45
2440,93,146,45
2441,90,147,45
2442,94,147,45
2443,154,147,45
2444,167,147,45
2445,128,149,45
2446,141,149,45
2447,102,150,45
2448,91,151,45
2449,164,152,45
2450,101,153,45
2451,155,154,45
2452,136,155,45
2453,155,156,45
2454,90,159,45
2455,106,159,45
2456,165,159,45
2457,115,161,45
2458,156,161,45
2459,166,163,45
2460,105,166,45
2461,159,166,45
2462,149,167,45
2463,145,169,45
2464,170,169,45
2465,112,172,45
2466,100,174,45
2467,156,176,45
2468,148,179,45
2469,149,182,45
2470,114,185,45
2471,124,57,46
2472,149,60,46
2473,150,62,46
2474,152,63,46
2475,100,64,46
2476,137,65,46
2477,133,68,46
2478,158,70,46
2479,150,72,46
2480,124,74,46
2481,121,76,46
2482,136,76,46
2483,153,78,46
2484,122,80,46
2485,167,80,46
2486,152,81,46
2487,87,82,46
2488,84,83,46
2489,164,84,46
2490,143,85,46
2491,109,87,46
2492,140,87,46
2493,155,87,46
2494,81,89,46
2495,114,90,46
2496,176,90,46
2497,155,91,46
2498,144,93,46
2499,166,94,46
2500,153,96,46
2501,84,98,46
2502,150,98,46
2503,113,100,46
2504,83,101,46
2505,151,101,46
2506,109,103,46
2507,149,104,46
2508,149,105,46
2509,125,106,46
2510,178,106,46
2511,130,107,46
2512,107,108,46
2513,118,109,46
2514,174,109,46
2515,129,111,46
2516,164,112,46
2517,175,113,46
2518,130,115,46
2519,148,116,46
2520,155,116,46
2521,88,118,46
2522,94,119,46
2523,126,119,46
2524,180,120,46
2525,95,122,46
2526,102,123,46
2527,143,124,46
2528,156,125,46
2529,123,127,46
2530,154,127,46
2531,130,129,46
2532,140,130,46
2533,169,130,46
2534,107,131,46
2535,174,131,46
2536,86,132,46
2537,117,133,46
2538,92,135,46
2539,88,137,46
2540,169,138,46
2541,100,139,46
2542,177,139,46
2543,150,141,46
2544,116,142,46
2545,98,143,46
2546,128,143,46
2547,130,145,46
2548,93,146,46
2549,106,148,46
2550,164,148,46
2551,123,150,46
2552,114,152,46
2553,118,152,46
2554,121,154,46
2555,98,155,46
2556,93,156,46
2557,120,157,46
2558,122,159,46
2559,150,159,46
2560,128,161,46
2561,135,162,46
2562,145,163,46
2563,172,163,46
2564,110,164,46
2565,140,164,46
2566,141,165,46
2567,110,167,46
2568,114,168,46
2569,119,169,46
2570,120,169,46
2571,143,169,46
2572,164,170,46
2573,99,172,46
2574,108,173,46
2575,98,174,46
2576,135,176,46
2577,125,179,46
2578,136,182,46
2579,141,184,46
2580,152,184,46
2581,139,185,46
2582,135,188,46
2583,119,57,47
2584,143,57,47
2585,130,59,47
2586,128,62,47
2587,128,65,47
2588,129,68,47
2589,146,68,47
2590,117,70,47
2591,156,71,47
2592,110,74,47
2593,125,74,47
2594,133,74,47
2595,101,76,47
2596,127,78,47
2597,148,79,47
2598,91,81,47
2599,168,81,47
2600,157,82,47
2601,121,84,47
2602,134,85,47
2603,144,85,47
2604,118,86,47
2605,172,86,47
2606,178,87,47
2607,128,89,47
2608,92,91,47
2609,164,92,47
2610,112,93,47
2611,111,94,47
2612,181,95,47
2613,117,96,47
2614,179,96,47
2615,103,97,47
2616,83,98,47
2617,130,98,47
2618,109,100,47
2619,142,101,47
2620,160,102,47
2621,98,103,47
2622,180,104,47
2623,130,106,47
2624,155,107,47
2625,183,107,47
2626,84,109,47
2627,115,109,47
2628,118,110,47
2629,121,110,47
2630,135,110,47
2631,98,111,47
2632,137,111,47
2633,162,111,47
2634,148,112,47
2635,105,114,47
2636,156,114,47
2637,150,115,47
2638,156,115,47
2639,163,116,47
2640,165,116,47
2641,130,118,47
2642,163,119,47
2643,80,120,47
2644,155,121,47
2645,171,122,47
2646,148,123,47
2647,117,124,47
2648,178,124,47
2649,79,126,47
2650,144,127,47
2651,128,129,47
2652,141,130,47
2653,159,130,47
2654,172,131,47
2655,166,132,47
2656,171,132,47
2657,158,134,47
2658,100,136,47
2659,163,136,47
2660,168,136,47
2661,178,136,47
2662,143,138,47
2663,120,139,47
2664,104,140,47
2665,165,140,47
2666,179,141,47
2667,98,143,47
2668,159,143,47
2669,146,145,47
2670,152,145,47
2671,159,147,47
2672,133,148,47
2673,119,150,47
2674,147,151,47
2675,170,152,47
2676,120,153,47
2677,125,153,47
2678,150,154,47
2679,144,155,47
2680,150,157,47
2681,170,157,47
2682,99,160,47
2683,90,161,47
2684,116,162,47
2685,137,164,47
2686,157,165,47
2687,135,166,47
2688,114,167,47
2689,137,168,47
2690,126,169,47
2691,143,170,47
2692,114,171,47
2693,148,172,47
2694,118,174,47
2695,164,174,47
2696,113,177,47
2697,155,179,47
2698,157,180,47
2699,150,183,47
2700,123,188,47
2701,126,57,48
2702,109,58,48
2703,107,61,48
2704,143,62,48
2705,123,64,48
2706,107,67,48
2707,120,69,48
2708,123,71,48
2709,158,73,48
2710,166,73,48
2711,156,75,48
2712,105,77,48
2713,149,77,48
2714,150,78,48
2715,90,80,48
2716,137,80,48
2717,162,80,48
2718,125,81,48
2719,89,83,48
2720,100,83,48
2721,171,83,48
2722,115,84,48
2723,153,85,48
2724,96,86,48
2725,154,86,48
2726,98,87,48
2727,106,88,48
2728,85,89,48
2729,107,90,48
2730,118,91,48
2731,163,91,48
2732,89,93,48
2733,172,93,48
2734,97,95,48
2735,83,96,48
2736,171,97,48
2737,122,98,48
2738,81,99,48
2739,168,100,48
2740,87,102,48
2741,91,103,48
2742,161,104,48
2743,101,105,48
2744,111,105,48
2745,87,107,48
2746,109,108,48
2747,185,108,48
2748,114,109,48
2749,184,109,48
2750,156,111,48
2751,180,111,48
2752,164,112,48
2753,83,114,48
2754,163,114,48
2755,118,115,48
2756,129,115,48
2757,159,116,48
2758,153,117,48
2759,124,118,48
2760,174,119,48
2761,174,120,48
2762,177,121,48
2763,173,122,48
2764,182,122,48
2765,167,123,48
2766,96,125,48
2767,101,125,48
2768,165,125,48
2769,131,127,48
2770,100,128,48
2771,137,129,48
2772,98,130,48
2773,166,130,48
2774,157,131,48
2775,142,133,48
2776,100,135,48
2777,158,135,48
2778,167,135,48
2779,153,137,48
2780,108,139,48
2781,86,140,48
2782,151,140,48
2783,165,140,48
2784,116,141,48
2785,130,141,48
2786,161,141,48
2787,125,143,48
2788,88,144,48
2789,105,145,48
2790,140,145,48
2791,85,147,48
2792,136,148,48
2793,118,150,48
2794,143,151,48
2795,140,153,48
2796,128,155,48
2797,132,155,48
2798,142,156,48
2799,158,157,48
2800,103,158,48
2801,113,160,48
2802,89,161,48
2803,105,163,48
2804,171,163,48
2805,141,165,48
2806,158,166,48
2807,153,167,48
2808,146,168,48
2809,108,169,48
2810,130,169,48
2811,154,171,48
2812,151,172,48
2813,151,174,48
2814,114,177,48
2815,134,179,48
2816,129,182,48
2817,135,184,48
2818,138,186,48
2819,122,58,49
2820,113,60,49
2821,131,62,49
2822,143,64,49
2823,146,64,49
2824,128,65,49
2825,154,67,49
2826,131,68,49
2827,132,69,49
2828,98,72,49
2829,162,72,49
2830,98,75,49
2831,122,77,49
2832,168,78,49
2833,145,79,49
2834,129,80,49
2835,100,82,49
2836,126,83,49
2837,147,83,49
2838,165,83,49
2839,104,84,49
2840,135,85,49
2841,157,86,49
2842,149,88,49
2843,91,90,49
2844,129,90,49
2845,138,90,49
2846,178,91,49
2847,130,93,49
2848,113,94,49
2849,160,94,49
2850,175,94,49
2851,127,96,49
2852,85,98,49
2853,177,98,49
2854,136,99,49
2855,181,99,49
2856,131,101,49
2857,80,102,49
2858,111,103,49
2859,98,104,49
2860,144,105,49
2861,91,106,49
2862,131,107,49
2863,96,109,49
2864,178,109,49
2865,91,110,49
2866,124,111,49
2867,79,112,49
2868,88,112,49
2869,86,113,49
2870,128,113,49
2871,112,114,49
2872,162,115,49
2873,155,116,49
2874,120,117,49
2875,184,118,49
2876,155,120,49
2877,103,122,49
2878,161,122,49
2879,128,124,49
2880,143,125,49
2881,106,127,49
2882,109,127,49
2883,79,129,49
2884,107,129,49
2885,153,130,49
2886,157,130,49
2887,126,132,49
2888,172,133,49
2889,94,135,49
2890,170,136,49
2891,146,138,49
2892,86,139,49
2893,179,140,49
2894,103,142,49
2895,139,142,49
2896,93,144,49
2897,161,144,49
2898,144,145,49
2899,87,146,49
2900,164,147,49
2901,172,149,49
2902,149,151,49
2903,159,152,49
2904,106,154,49
2905,114,155,49
2906,119,156,49
2907,173,156,49
2908,96,157,49
2909,99,158,49
2910,110,158,49
2911,111,160,49
2912,121,161,49
2913,165,162,49
2914,129,164,49
2915,170,165,49
2916,96,166,49
2917,159,167,49
2918,111,169,49
2919,155,169,49
2920,167,171,49
2921,162,173,49
2922,141,174,49
2923,106,175,49
2924,133,175,49
2925,165,175,49
2926,132,176,49
2927,124,178,49
2928,128,179,49
2929,128,180,49
2930,122,183,49
2931,133,186,49
2932,146,188,49
2933,121,59,50
2934,104,62,50
2935,116,63,50
2936,102,64,50
2937,128,64,50
2938,146,64,50
2939,149,65,50
2940,133,67,50
2941,129,68,50
2942,160,69,50
2943,130,71,50
2944,115,72,50
2945,94,73,50
2946,138,74,50
2947,139,76,50
2948,126,77,50
2949,160,78,50
2950,138,79,50
2951,126,80,50
2952,89,82,50
2953,100,83,50
2954,116,83,50
2955,127,85,50
2956,141,85,50
2957,156,85,50
2958,168,86,50
2959,155,88,50
2960,160,88,50
2961,83,89,50
2962,89,89,50
2963,177,89,50
2964,91,90,50
2965,177,91,50
2966,102,92,50
2967,170,93,50
2968,86,95,50
2969,100,95,50
2970,176,96,50
2971,139,98,50
2972,181,98,50
2973,176,99,50
2974,156,101,50
2975,155,102,50
2976,97,103,50
2977,105,103,50
2978,116,104,50
2979,105,105,50
2980,163,106,50
2981,130,108,50
2982,165,108,50
2983,145,110,50
2984,162,110,50
2985,108,111,50
2986,134,111,50
2987,97,113,50
2988,92,114,50
2989,100,115,50
2990,161,116,50
2991,87,117,50
2992,112,118,50
2993,89,120,50
2994,158,120,50
2995,140,121,50
2996,165,121,50
2997,184,121,50
2998,95,123,50
2999,183,124,50
3000,118,125,50
3001,84,126,50
3002,124,126,50
3003,157,126,50
3004,169,127,50
3005,106,128,50
3006,131,128,50
3007,130,129,50
3008,167,129,50
3009,156,130,50
3010,132,131,50
3011,112,133,50
3012,174,133,50
3013,132,135,50
3014,95,137,50
3015,122,137,50
3016,141,138,50
3017,154,138,50
3018,157,138,50
3019,116,139,50
3020,172,140,50
3021,158,142,50
3022,131,143,50
3023,143,143,50
3024,120,144,50
3025,168,144,50
3026,137,146,50
3027,127,148,50
3028,110,149,50
3029,126,150,50
3030,140,150,50
3031,122,152,50
3032,95,153,50
3033,134,153,50
3034,112,155,50
3035,146,156,50
3036,90,158,50
3037,137,159,50
3038,139,159,50
3039,170,159,50
3040,135,160,50
3041,142,162,50
3042,133,163,50
3043,117,164,50
3044,101,166,50
3045,159,167,50
3046,156,169,50
3047,160,170,50
3048,165,171,50
3049,111,174,50
3050,145,175,50
3051,146,175,50
3052,146,176,50
3053,97,177,50
3054,119,177,50
3055,159,177,50
3056,156,180,50
3057,147,182,50
3058,140,183,50
3059,144,186,50
3060,122,188,50
3061,121,59,51
3062,130,61,51
3063,120,62,51
3064,102,65,51
3065,127,66,51
3066,107,68,51
3067,130,69,51
3068,98,71,51
3069,139,73,51
3070,147,74,51
3071,139,75,51
3072,157,77,51
3073,162,79,51
3074,116,80,51
3075,118,82,51
3076,105,83,51
3077,164,84,51
3078,141,86,51
3079,167,86,51
3080,135,88,51
3081,118,90,51
3082,105,92,51
3083,166,93,51
3084,172,94,51
3085,104,96,51
3086,105,96,51
3087,159,97,51
3088,124,99,51
3089,129,100,51
3090,144,100,51
3091,109,101,51
3092,116,102,51
3093,137,102,51
3094,173,102,51
3095,135,104,51
3096,162,105,51
3097,154,106,51
3098,180,106,51
3099,105,107,51
3100,184,107,51
3101,83,109,51
3102,144,110,51
3103,176,110,51
3104,153,111,51
3105,140,112,51
3106,137,113,51
3107,90,114,51
3108,147,114,51
3109,165,115,51
3110,160,116,51
3111,92,118,51
3112,158,118,51
3113,141,119,51
3114,164,119,51
3115,171,119,51
3116,163,120,51
3117,106,122,51
3118,122,122,51
3119,163,123,51
3120,146,124,51
3121,181,125,51
3122,134,127,51
3123,170,127,51
3124,90,129,51
3125,132,130,51
3126,166,130,51
3127,83,131,51
3128,140,132,51
3129,140,133,51
3130,164,134,51
3131,119,135,51
3132,155,135,51
3133,120,137,51
3134,95,138,51
3135,142,139,51
3136,138,140,51
3137,140,140,51
3138,122,142,51
3139,180,142,51
3140,109,143,51
3141,172,143,51
3142,128,145,51
3143,132,146,51
3144,115,147,51
3145,151,147,51
3146,98,148,51
3147,118,148,51
3148,89,149,51
3149,140,150,51
3150,109,152,51
3151,140,153,51
3152,160,154,51
3153,94,155,51
3154,163,156,51
3155,169,158,51
3156,131,159,51
3157,138,160,51
3158,136,161,51
3159,133,163,51
3160,107,164,51
3161,158,165,51
3162,112,167,51
3163,117,169,51
3164,148,171,51
3165,129,172,51
3166,161,174,51
3167,111,175,51
3168,109,176,51
3169,142,177,51
3170,135,180,51
3171,106,181,51
3172,123,182,51
3173,114,183,51
3174,157,183,51
3175,147,186,51
3176,133,191,51
3177,148,59,52
3178,118,60,52
3179,145,63,52
3180,126,64,52
3181,114,66,52
3182,129,68,52
3183,145,68,52
3184,125,71,52
3185,147,73,52
3186,128,74,52
3187,146,75,52
3188,160,76,52
3189,139,78,52
3190,142,79,52
3191,140,80,52
3192,159,82,52
3193,92,84,52
3194,102,85,52
3195,88,87,52
3196,105,88,52
3197,166,88,52
3198,104,90,52
3199,112,91,52
3200,176,91,52
3201,158,92,52
3202,128,93,52
3203,112,95,52
3204,155,96,52
3205,77,98,52
3206,152,99,52
3207,136,100,52
3208,87,101,52
3209,91,102,52
3210,113,103,52
3211,101,104,52
3212,84,105,52
3213,140,106,52
3214,160,106,52
3215,134,108,52
3216,85,109,52
3217,121,109,52
3218,121,110,52
3219,154,111,52
3220,88,113,52
3221,130,113,52
3222,97,115,52
3223,151,115,52
3224,136,116,52
3225,120,117,52
3226,184,117,52
3227,156,119,52
3228,104,121,52
3229,126,122,52
3230,111,124,52
3231,133,124,52
3232,140,125,52
3233,147,126,52
3234,163,126,52
3235,125,128,52
3236,130,128,52
3237,109,130,52
3238,168,130,52
3239,100,132,52
3240,176,133,52
3241,167,134,52
3242,89,136,52
3243,103,136,52
3244,169,137,52
3245,84,138,52
3246,107,138,52
3247,177,138,52
3248,176,139,52
3249,102,140,52
3250,123,140,52
3251,99,142,52
3252,145,143,52
3253,174,144,52
3254,94,146,52
3255,166,146,52
3256,173,146,52
3257,174,147,52
3258,158,148,52
3259,110,149,52
3260,131,150,52
3261,104,152,52
3262,103,154,52
3263,99,156,52
3264,92,158,52
3265,93,158,52
3266,138,158,52
3267,165,159,52
3268,136,160,52
3269,147,160,52
3270,89,162,52
3271,105,163,52
3272,133,164,52
3273,132,166,52
3274,164,168,52
3275,130,170,52
3276,160,170,52
3277,165,172,52
3278,99,173,52
3279,132,175,52
3280,138,176,52
3281,102,177,52
3282,148,177,52
3283,150,179,52
3284,147,181,52
3285,137,184,52
3286,155,184,52
3287,117,188,52
3288,125,190,52
3289,119,56,53
3290,109,59,53
3291,125,61,53
3292,129,64,53
3293,140,64,53
3294,101,67,53
3295,104,68,53
3296,158,70,53
3297,124,73,53
3298,127,73,53
3299,145,75,53
3300,90,78,53
3301,152,79,53
3302,116,81,53
3303,171,82,53
3304,107,84,53
3305,112,86,53
3306,84,88,53
3307,106,88,53
3308,172,88,53
3309,100,90,53
3310,159,91,53
3311,134,92,53
3312,163,93,53
3313,136,95,53
3314,87,97,53
3315,89,98,53
3316,153,99,53
3317,122,100,53
3318,88,102,53
3319,158,103,53
3320,149,104,53
3321,156,104,53
3322,87,106,53
3323,147,106,53
3324,91,108,53
3325,176,109,53
3326,132,110,53
3327,164,110,53
3328,127,111,53
3329,151,112,53
3330,97,113,53
3331,165,114,53
3332,168,114,53
3333,179,115,53
3334,109,116,53
3335,178,117,53
3336,173,118,53
3337,124,119,53
3338,167,119,53
3339,175,120,53
3340,90,121,53
3341,117,121,53
3342,148,122,53
3343,153,123,53
3344,134,125,53
3345,165,125,53
3346,177,126,53
3347,133,127,53
3348,184,128,53
3349,135,129,53
3350,133,130,53
3351,181,131,53
3352,106,132,53
3353,94,134,53
3354,126,135,53
3355,99,137,53
3356,116,138,53
3357,142,139,53
3358,162,140,53
3359,146,141,53
3360,123,142,53
3361,153,143,53
3362,174,144,53
3363,165,146,53
3364,177,146,53
3365,178,148,53
3366,83,149,53
3367,109,150,53
3368,90,151,53
3369,118,151,53
3370,86,153,53
3371,122,153,53
3372,96,154,53
3373,155,155,53
3374,119,156,53
3375,149,157,53
3376,139,158,53
3377,135,160,53
3378,127,161,53
3379,164,161,53
3380,101,163,53
3381,123,165,53
3382,115,166,53
3383,140,168,53
3384,159,168,53
3385,108,169,53
3386,119,169,53
3387,143,170,53
3388,158,170,53
3389,110,171,53
3390,144,173,53
3391,143,174,53
3392,160,176,53
3393,114,179,53
3394,131,179,53
3395,150,180,53
3396,154,180,53
3397,156,182,53
3398,139,185,53
3399,137,186,53
3400,125,190,53
3401,112,61,54
3402,127,62,54
3403,131,62,54
3404,106,65,54
3405,140,67,54
3406,150,69,54
3407,152,71,54
3408,146,73,54
3409,155,75,54
3410,131,77,54
3411,142,77,54
3412,168,78,54
3413,95,81,54
3414,141,81,54
3415,158,82,54
3416,142,84,54
3417,87,85,54
3418,106,85,54
3419,87,87,54
3420,132,88,54
3421,147,89,54
3422,176,90,54
3423,100,91,54
3424,126,92,54
3425,150,92,54
3426,98,94,54
3427,129,94,54
3428,168,94,54
3429,116,95,54
3430,122,95,54
3431,160,96,54
3432,107,98,54
3433,174,98,54
3434,133,99,54
3435,128,100,54
3436,87,102,54
3437,171,103,54
3438,110,105,54
3439,165,105,54
3440,134,107,54
3441,177,107,54
3442,97,108,54
3443,176,109,54
3444,141,111,54
3445,133,112,54
3446,90,114,54
3447,108,114,54
3448,94,115,54
3449,127,115,54
3450,183,115,54
3451,140,116,54
3452,173,117,54
3453,182,118,54
3454,108,119,54
3455,145,119,54
3456,132,121,54
3457,79,122,54
3458,111,123,54
3459,120,124,54
3460,132,124,54
3461,137,124,54
3462,121,126,54
3463,96,127,54
3464,116,128,54
3465,133,129,54
3466,97,131,54
3467,147,131,54
3468,147,132,54
3469,129,133,54
3470,148,134,54
3471,130,135,54
3472,172,135,54
3473,81,137,54
3474,123,137,54
3475,160,138,54
3476,181,138,54
3477,167,140,54
3478,109,142,54
3479,157,143,54
3480,82,144,54
3481,93,144,54
3482,172,145,54
3483,153,147,54
3484,88,148,54
3485,103,148,54
3486,140,148,54
3487,144,148,54
3488,114,150,54
3489,146,150,54
3490,94,152,54
3491,112,152,54
3492,86,154,54
3493,137,155,54
3494,118,156,54
3495,104,157,54
3496,148,158,54
3497,163,160,54
3498,130,161,54
3499,149,161,54
3500,111,163,54
3501,170,163,54
3502,109,166,54
3503,141,167,54
3504,148,169,54
3505,161,169,54
3506,110,172,54
3507,106,174,54
3508,98,175,54
3509,101,177,54
3510,136,179,54
3511,116,180,54
3512,122,182,54
3513,147,185,54
3514,137,190,54
3515,132,60,55
3516,110,61,55
3517,105,64,55
3518,101,65,55
3519,134,67,55
3520,134,68,55
3521,96,69,55
3522,125,70,55
3523,141,72,55
3524,160,72,55
3525,133,74,55
3526,117,76,55
3527,130,76,55
3528,98,77,55
3529,140,78,55
3530,130,79,55
3531,117,81,55
3532,165,81,55
3533,105,83,55
3534,133,83,55
3535,128,84,55
3536,121,86,55
3537,165,87,55
3538,137,88,55
3539,173,88,55
3540,151,89,55
3541,169,90,55
3542,138,91,55
3543,121,93,55
3544,133,94,55
3545,139,94,55
3546,110,95,55
3547,86,97,55
3548,179,97,55
3549,133,98,55
3550,85,100,55
3551,113,101,55
3552,164,102,55
3553,131,103,55
3554,146,104,55
3555,93,105,55
3556,157,106,55
3557,130,108,55
3558,80,109,55
3559,171,110,55
3560,100,111,55
3561,82,113,55
3562,163,113,55
3563,128,114,55
3564,95,116,55
3565,104,116,55
3566,148,116,55
3567,112,117,55
3568,108,118,55
3569,168,119,55
3570,154,121,55
3571,124,122,55
3572,87,124,55
3573,122,125,55
3574,91,127,55
3575,81,128,55
3576,178,128,55
3577,103,130,55
3578,172,130,55
3579,157,132,55
3580,143,134,55
3581,138,135,55
3582,109,136,55
3583,132,137,55
3584,146,138,55
3585,180,139,55
3586,142,140,55
3587,84,142,55
3588,145,143,55
3589,98,144,55
3590,89,146,55
3591,92,146,55
3592,136,146,55
3593,99,147,55
3594,157,147,55
3595,164,147,55
3596,125,149,55
3597,177,150,55
3598,109,152,55
3599,149,153,55
3600,96,154,55
3601,104,154,55
3602,127,155,55
3603,119,156,55
3604,147,156,55
3605,147,158,55
3606,95,160,55
3607,149,160,55
3608,161,160,55
3609,97,162,55
3610,90,164,55
3611,104,164,55
3612,171,165,55
3613,104,168,55
3614,115,170,55
3615,130,172,55
3616,144,174,55
3617,150,175,55
3618,149,176,55
3619,134,177,55
3620,136,178,55
3621,109,180,55
3622,106,181,55
3623,126,184,55
3624,145,187,55
3625,125,60,56
3626,106,63,56
3627,119,65,56
3628,137,65,56
3629,157,65,56
3630,161,68,56
3631,153,70,56
3632,116,73,56
3633,110,75,56
3634,162,75,56
3635,106,77,56
3636,98,79,56
3637,125,80,56
3638,135,81,56
3639,161,82,56
3640,162,82,56
3641,112,84,56
3642,84,85,56
3643,129,86,56
3644,162,87,56
3645,154,88,56
3646,164,88,56
3647,157,90,56
3648,82,91,56
3649,180,92,56
3650,136,94,56
3651,130,95,56
3652,77,97,56
3653,130,98,56
3654,154,98,56
3655,85,99,56
3656,167,99,56
3657,125,101,56
3658,146,102,56
3659,119,103,56
3660,139,104,56
3661,164,104,56
3662,115,106,56
3663,78,107,56
3664,104,108,56
3665,168,109,56
3666,175,110,56
3667,86,112,56
3668,124,112,56
3669,99,114,56
3670,78,115,56
3671,88,115,56
3672,109,116,56
3673,135,117,56
3674,86,118,56
3675,152,119,56
3676,132,120,56
3677,155,121,56
3678,146,122,56
3679,167,123,56
3680,115,124,56
3681,93,126,56
3682,104,126,56
3683,91,127,56
3684,83,128,56
3685,146,129,56
3686,164,130,56
3687,84,132,56
3688,168,133,56
3689,129,135,56
3690,182,135,56
3691,164,137,56
3692,91,138,56
3693,109,138,56
3694,173,138,56
3695,110,140,56
3696,91,142,56
3697,125,142,56
3698,114,144,56
3699,154,144,56
3700,83,146,56
3701,125,147,56
3702,152,148,56
3703,90,150,56
3704,112,151,56
3705,113,153,56
3706,84,155,56
3707,149,155,56
3708,93,156,56
3709,101,158,56
3710,145,158,56
3711,92,159,56
3712,102,160,56
3713,111,160,56
3714,91,161,56
3715,93,163,56
3716,97,163,56
3717,150,164,56
3718,90,166,56
3719,165,166,56
3720,92,168,56
3721,139,169,56
3722,147,171,56
3723,133,173,56
3724,124,174,56
3725,133,174,56
3726,99,175,56
3727,101,176,56
3728,130,176,56
3729,159,176,56
3730,138,178,56
3731,143,181,56
3732,135,182,56
3733,146,184,56
3734,142,188,56
3735,137,190,56
3736,135,61,57
3737,141,63,57
3738,147,65,57
3739,98,67,57
3740,103,68,57
3741,127,68,57
3742,113,70,57
3743,101,72,57
3744,141,74,57
3745,92,76,57
3746,170,77,57
3747,90,80,57
3748,102,81,57
3749,142,81,57
3750,165,81,57
3751,147,82,57
3752,157,82,57
3753,99,84,57
3754,118,84,57
3755,133,84,57
3756,135,85,57
3757,166,85,57
3758,163,87,57
3759,168,89,57
3760,179,90,57
3761,87,92,57
3762,89,93,57
3763,165,93,57
3764,99,95,57
3765,172,95,57
3766,97,96,57
3767,162,96,57
3768,171,96,57
3769,143,98,57
3770,121,99,57
3771,139,100,57
3772,163,100,57
3773,140,101,57
3774,141,101,57
3775,156,101,57
3776,92,102,57
3777,77,104,57
3778,97,104,57
3779,147,104,57
3780,166,105,57
3781,177,105,57
3782,125,107,57
3783,118,108,57
3784,150,109,57
3785,83,111,57
3786,166,112,57
3787,86,113,57
3788,147,113,57
3789,110,115,57
3790,172,116,57
3791,91,118,57
3792,163,118,57
3793,92,120,57
3794,168,120,57
3795,98,122,57
3796,133,123,57
3797,148,124,57
3798,126,125,57
3799,117,126,57
3800,151,126,57
3801,113,128,57
3802,178,129,57
3803,181,130,57
3804,89,131,57
3805,122,132,57
3806,90,134,57
3807,141,135,57
3808,107,137,57
3809,148,137,57
3810,119,139,57
3811,160,139,57
3812,147,140,57
3813,134,142,57
3814,151,142,57
3815,140,144,57
3816,96,146,57
3817,172,147,57
3818,140,149,57
3819,142,150,57
3820,106,152,57
3821,126,152,57
3822,90,153,57
3823,150,154,57
3824,95,156,57
3825,142,156,57
3826,124,158,57
3827,135,159,57
3828,169,159,57
3829,173,161,57
3830,95,164,57
3831,169,165,57
3832,110,168,57
3833,135,168,57
3834,158,169,57
3835,134,170,57
3836,118,171,57
3837,133,173,57
3838,143,173,57
3839,126,176,57
3840,159,177,57
3841,110,179,57
3842,144,180,57
3843,121,183,57
3844,115,186,57
3845,128,60,58
3846,134,64,58
3847,145,64,58
3848,108,67,58
3849,123,68,58
3850,152,69,58
3851,119,72,58
3852,107,74,58
3853,167,74,58
3854,90,76,58
3855,101,76,58
3856,134,77,58
3857,105,79,58
3858,153,79,58
3859,115,81,58
3860,90,83,58
3861,116,84,58
3862,171,85,58
3863,161,87,58
3864,151,88,58
3865,134,90,58
3866,108,91,58
3867,139,92,58
3868,91,93,58
3869,112,93,58
3870,113,94,58
3871,123,95,58
3872,154,96,58
3873,161,97,58
3874,179,98,58
3875,99,100,58
3876,135,100,58
3877,82,102,58
3878,173,102,58
3879,174,103,58
3880,112,105,58
3881,119,105,58
3882,99,107,58
3883,107,108,58
3884,142,108,58
3885,121,110,58
3886,157,111,58
3887,112,112,58
3888,149,112,58
3889,158,112,58
3890,92,113,58
3891,94,114,58
3892,159,115,58
3893,97,117,58
3894,130,118,58
3895,136,119,58
3896,87,120,58
3897,104,120,58
3898,174,120,58
3899,78,121,58
3900,113,122,58
3901,118,123,58
3902,102,125,58
3903,119,125,58
3904,127,125,58
3905,175,126,58
3906,155,127,58
3907,89,129,58
3908,122,130,58
3909,163,130,58
3910,175,130,58
3911,109,132,58
3912,135,133,58
3913,156,134,58
3914,93,135,58
3915,143,135,58
3916,153,136,58
3917,122,137,58
3918,105,138,58
3919,86,140,58
3920,142,141,58
3921,139,142,58
3922,151,143,58
3923,119,145,58
3924,146,145,58
3925,86,146,58
3926,139,147,58
3927,162,147,58
3928,112,149,58
3929,155,150,58
3930,172,151,58
3931,123,153,58
3932,124,155,58
3933,157,156,58
3934,174,156,58
3935,148,158,58
3936,109,159,58
3937,162,159,58
3938,87,160,58
3939,153,160,58
3940,89,161,58
3941,171,162,58
3942,91,163,58
3943,112,164,58
3944,127,164,58
3945,153,164,58
3946,99,165,58
3947,135,166,58
3948,95,168,58
3949,96,170,58
3950,102,170,58
3951,131,171,58
3952,152,172,58
3953,116,174,58
3954,156,175,58
3955,149,177,58
3956,116,180,58
3957,110,183,58
3958,140,185,58
3959,132,187,58
3960,133,189,58
3961,143,61,59
3962,129,65,59
3963,103,68,59
3964,142,70,59
3965,91,72,59
3966,118,74,59
3967,104,75,59
3968,110,75,59
3969,125,75,59
3970,88,77,59
3971,87,78,59
3972,90,78,59
3973,116,79,59
3974,122,81,59
3975,117,82,59
3976,114,84,59
3977,130,84,59
3978,135,85,59
3979,149,86,59
3980,95,88,59
3981,106,88,59
3982,131,89,59
3983,152,89,59
3984,153,90,59
3985,174,90,59
3986,91,92,59
3987,97,93,59
3988,140,93,59
3989,162,94,59
3990,148,96,59
3991,108,98,59
3992,113,99,59
3993,91,101,59
3994,134,101,59
3995,164,102,59
3996,101,104,59
3997,173,105,59
3998,105,107,59
3999,134,107,59
4000,86,109,59
4001,78,110,59
4002,114,110,59
4003,126,111,59
4004,174,112,59
4005,79,114,59
4006,157,114,59
4007,95,116,59
4008,111,117,59
4009,161,117,59
4010,174,117,59
4011,105,119,59
4012,156,119,59
4013,179,120,59
4014,156,122,59
4015,100,124,59
4016,107,124,59
4017,156,124,59
4018,118,125,59
4019,181,125,59
4020,173,126,59
4021,147,127,59
4022,97,129,59
4023,109,130,59
4024,121,130,59
4025,86,131,59
4026,100,131,59
4027,136,131,59
4028,157,132,59
4029,131,133,59
4030,136,134,59
4031,151,135,59
4032,123,137,59
4033,116,139,59
4034,88,140,59
4035,129,141,59
4036,153,142,59
4037,84,144,59
4038,91,145,59
4039,154,146,59
4040,137,147,59
4041,142,149,59
4042,93,151,59
4043,127,152,59
4044,123,154,59
4045,106,156,59
4046,95,157,59
4047,97,159,59
4048,106,160,59
4049,144,160,59
4050,147,161,59
4051,99,163,59
4052,102,164,59
4053,109,166,59
4054,139,166,59
4055,147,167,59
4056,158,167,59
4057,138,168,59
4058,149,169,59
4059,159,170,59
4060,112,171,59
4061,114,171,59
4062,158,171,59
4063,98,174,59
4064,110,175,59
4065,148,177,59
4066,140,180,59
4067,116,184,59
4068,147,184,59
4069,126,59,60
4070,140,62,60
4071,112,65,60
4072,110,67,60
4073,101,69,60
4074,109,70,60
4075,147,70,60
4076,110,73,60
4077,158,73,60
4078,144,75,60
4079,155,77,60
4080,105,79,60
4081,164,80,60
4082,133,81,60
4083,143,81,60
4084,115,83,60
4085,130,83,60
4086,163,83,60
4087,91,85,60
4088,99,86,60
4089,100,87,60
4090,126,87,60
4091,135,87,60
4092,170,87,60
4093,177,87,60
4094,156,88,60
4095,88,89,60
4096,83,91,60
4097,162,91,60
4098,80,93,60
4099,141,93,60
4100,80,95,60
4101,132,95,60
4102,118,96,60
4103,134,97,60
4104,174,98,60
4105,161,100,60
4106,167,101,60
4107,85,103,60
4108,99,103,60
4109,139,104,60
4110,145,105,60
4111,115,106,60
4112,85,107,60
4113,86,108,60
4114,132,108,60
4115,89,110,60
4116,98,111,60
4117,113,111,60
4118,140,111,60
4119,116,112,60
4120,81,113,60
4121,94,113,60
4122,126,114,60
4123,174,115,60
4124,93,116,60
4125,159,117,60
4126,169,117,60
4127,152,119,60
4128,175,120,60
4129,161,121,60
4130,162,121,60
4131,169,122,60
4132,147,123,60
4133,139,124,60
4134,145,124,60
4135,92,126,60
4136,182,126,60
4137,107,127,60
4138,154,128,60
4139,164,129,60
4140,172,129,60
4141,83,130,60
4142,119,130,60
4143,101,132,60
4144,124,132,60
4145,138,133,60
4146,108,134,60
4147,109,134,60
4148,98,135,60
4149,153,135,60
4150,150,136,60
4151,134,137,60
4152,117,138,60
4153,164,138,60
4154,141,140,60
4155,175,140,60
4156,157,141,60
4157,169,141,60
4158,166,143,60
4159,123,144,60
4160,163,145,60
4161,155,146,60
4162,169,146,60
4163,175,147,60
4164,175,149,60
4165,90,150,60
4166,98,150,60
4167,145,151,60
4168,158,152,60
4169,115,154,60
4170,161,155,60
4171,172,157,60
4172,125,159,60
4173,148,159,60
4174,138,160,60
4175,136,161,60
4176,92,162,60
4177,98,162,60
4178,106,164,60
4179,124,166,60
4180,128,166,60
4181,171,166,60
4182,168,167,60
4183,156,169,60
4184,123,171,60
4185,161,173,60
4186,158,174,60
4187,110,175,60
4188,128,175,60
4189,142,177,60
4190,124,178,60
4191,152,180,60
4192,135,182,60
4193,136,182,60
4194,116,183,60
4195,146,183,60
4196,132,187,60
4197,140,188,60
4198,107,64,61
4199,147,65,61
4200,131,68,61
4201,103,70,61
4202,113,72,61
4203,148,73,61
4204,166,74,61
4205,149,75,61
4206,93,78,61
4207,116,79,61
4208,161,79,61
4209,109,80,61
4210,90,81,61
4211,142,82,61
4212,157,84,61
4213,160,85,61
4214,148,87,61
4215,91,89,61
4216,151,89,61
4217,84,90,61
4218,90,90,61
4219,154,91,61
4220,85,92,61
4221,98,93,61
4222,143,93,61
4223,137,95,61
4224,162,96,61
4225,125,98,61
4226,84,99,61
4227,170,100,61
4228,145,101,61
4229,178,101,61
4230,144,103,61
4231,118,105,61
4232,122,105,61
4233,165,105,61
4234,149,107,61
4235,84,108,61
4236,127,109,61
4237,85,110,61
4238,133,110,61
4239,109,112,61
4240,116,112,61
4241,149,113,61
4242,172,113,61
4243,105,114,61
4244,178,114,61
4245,170,115,61
4246,82,116,61
4247,173,116,61
4248,167,117,61
4249,177,118,61
4250,107,119,61
4251,165,119,61
4252,90,121,61
4253,100,121,61
4254,87,122,61
4255,130,122,61
4256,83,124,61
4257,175,124,61
4258,101,126,61
4259,144,126,61
4260,158,127,61
4261,110,128,61
4262,95,129,61
4263,167,130,61
4264,84,132,61
4265,122,132,61
4266,100,133,61
4267,124,134,61
4268,151,135,61
4269,131,136,61
4270,158,136,61
4271,116,137,61
4272,114,138,61
4273,136,138,61
4274,114,139,61
4275,176,140,61
4276,151,142,61
4277,103,143,61
4278,155,143,61
4279,102,144,61
4280,136,144,61
4281,91,146,61
4282,105,146,61
4283,135,146,61
4284,102,148,61
4285,87,150,61
4286,126,150,61
4287,128,150,61
4288,106,152,61
4289,104,154,61
4290,105,154,61
4291,132,154,61
4292,160,155,61
4293,149,156,61
4294,137,158,61
4295,165,158,61
4296,152,160,61
4297,160,162,61
4298,95,164,61
4299,125,166,61
4300,155,166,61
4301,129,167,61
4302,127,168,61
4303,126,169,61
4304,114,170,61
4305,109,172,61
4306,139,173,61
4307,147,173,61
4308,108,174,61
4309,155,174,61
4310,130,175,61
4311,130,177,61
4312,117,179,61
4313,105,180,61
4314,125,182,61
4315,120,185,61
4316,149,185,61
4317,116,60,62
4318,128,64,62
4319,121,67,62
4320,155,67,62
4321,143,68,62
4322,128,70,62
4323,139,70,62
4324,124,71,62
4325,157,71,62
4326,163,72,62
4327,92,75,62
4328,126,77,62
4329,135,78,62
4330,141,80,62
4331,87,82,62
4332,114,82,62
4333,138,83,62
4334,141,83,62
4335,166,83,62
4336,146,85,62
4337,123,86,62
4338,146,86,62
4339,125,87,62
4340,133,87,62
4341,123,88,62
4342,168,89,62
4343,166,90,62
4344,90,91,62
4345,127,91,62
4346,156,91,62
4347,123,93,62
4348,86,94,62
4349,158,94,62
4350,117,96,62
4351,108,97,62
4352,111,98,62
4353,127,98,62
4354,166,98,62
4355,162,99,62
4356,147,100,62
4357,137,101,62
4358,106,102,62
4359,117,103,62
4360,180,103,62
4361,132,104,62
4362,163,105,62
4363,142,106,62
4364,83,107,62
4365,113,107,62
4366,85,108,62
4367,136,109,62
4368,160,109,62
4369,152,110,62
4370,114,112,62
4371,127,112,62
4372,149,113,62
4373,91,114,62
4374,124,115,62
4375,153,115,62
4376,125,117,62
4377,169,117,62
4378,116,119,62
4379,140,120,62
4380,99,122,62
4381,90,123,62
4382,92,123,62
4383,99,123,62
4384,101,124,62
4385,91,125,62
4386,107,126,62
4387,115,126,62
4388,124,127,62
4389,152,128,62
4390,158,128,62
4391,171,129,62
4392,105,131,62
4393,138,131,62
4394,84,132,62
4395,111,132,62
4396,98,133,62
4397,113,133,62
4398,120,133,62
4399,139,134,62
4400,121,135,62
4401,98,136,62
4402,142,137,62
4403,132,139,62
4404,160,140,62
4405,82,142,62
4406,144,143,62
4407,95,145,62
4408,137,146,62
4409,101,147,62
4410,111,148,62
4411,109,150,62
4412,145,150,62
4413,163,151,62
4414,98,153,62
4415,109,153,62
4416,152,153,62
4417,165,153,62
4418,159,155,62
4419,163,156,62
4420,145,157,62
4421,160,158,62
4422,159,160,62
4423,130,162,62
4424,172,163,62
4425,111,166,62
4426,107,168,62
4427,137,170,62
4428,139,170,62
4429,164,170,62
4430,101,171,62
4431,158,172,62
4432,97,173,62
4433,108,175,62
4434,108,178,62
4435,125,180,62
4436,144,181,62
4437,129,185,62
4438,123,60,63
4439,114,63,63
4440,142,66,63
4441,147,68,63
4442,95,71,63
4443,142,71,63
4444,100,74,63
4445,103,76,63
4446,118,77,63
4447,148,79,63
4448,119,81,63
4449,162,81,63
4450,114,83,63
4451,122,85,63
4452,117,87,63
4453,129,88,63
4454,138,88,63
4455,176,88,63
4456,177,89,63
4457,108,91,63
4458,108,92,63
4459,136,93,63
4460,136,94,63
4461,88,95,63
4462,154,95,63
4463,107,96,63
4464,153,97,63
4465,83,98,63
4466,97,99,63
4467,115,100,63
4468,137,100,63
4469,143,100,63
4470,139,101,63
4471,80,102,63
4472,116,102,63
4473,167,103,63
4474,173,103,63
4475,163,105,63
4476,140,107,63
4477,102,109,63
4478,144,110,63
4479,171,110,63
4480,89,112,63
4481,162,112,63
4482,170,113,63
4483,181,114,63
4484,183,114,63
4485,182,115,63
4486,154,116,63
4487,114,118,63
4488,170,119,63
4489,152,121,63
4490,180,121,63
4491,157,122,63
4492,121,124,63
4493,116,125,63
4494,172,126,63
4495,118,128,63
4496,171,129,63
4497,149,130,63
4498,173,131,63
4499,154,133,63
4500,125,135,63
4501,91,137,63
4502,141,138,63
4503,116,140,63
4504,118,141,63
4505,118,143,63
4506,152,143,63
4507,124,145,63
4508,168,145,63
4509,100,146,63
4510,106,147,63
4511,88,149,63
4512,141,150,63
4513,98,151,63
4514,97,153,63
4515,134,154,63
4516,152,156,63
4517,170,158,63
4518,136,159,63
4519,122,160,63
4520,121,162,63
4521,143,163,63
4522,115,164,63
4523,147,166,63
4524,113,168,63
4525,135,168,63
4526,140,170,63
4527,105,171,63
4528,140,173,63
4529,152,174,63
4530,135,177,63
4531,108,178,63
4532,112,181,63
4533,115,184,63
4534,137,184,63
4535,121,185,63
4536,116,63,64
4537,101,67,64
4538,136,67,64
4539,98,68,64
4540,160,68,64
4541,134,70,64
4542,100,73,64
4543,93,75,64
4544,153,75,64
4545,130,76,64
4546,163,76,64
4547,97,79,64
4548,120,80,64
4549,129,82,64
4550,168,82,64
4551,148,84,64
4552,128,85,64
4553,96,87,64
4554,177,87,64
4555,134,89,64
4556,156,89,64
4557,84,91,64
4558,149,92,64
4559,166,92,64
4560,88,93,64
4561,166,93,64
4562,87,94,64
4563,120,95,64
4564,117,96,64
4565,129,96,64
4566,108,97,64
4567,169,97,64
4568,129,98,64
4569,131,98,64
4570,125,99,64
4571,136,99,64
4572,181,99,64
4573,175,100,64
4574,127,102,64
4575,88,103,64
4576,100,103,64
4577,87,105,64
4578,83,106,64
4579,157,107,64
4580,167,107,64
4581,143,108,64
4582,130,110,64
4583,115,111,64
4584,118,111,64
4585,94,112,64
4586,131,112,64
4587,175,112,64
4588,87,113,64
4589,84,114,64
4590,95,114,64
4591,135,115,64
4592,166,116,64
4593,91,118,64
4594,95,119,64
4595,106,119,64
4596,159,120,64
4597,128,121,64
4598,178,122,64
4599,166,123,64
4600,95,124,64
4601,87,126,64
4602,101,127,64
4603,146,128,64
4604,86,129,64
4605,111,129,64
4606,82,130,64
4607,120,131,64
4608,100,133,64
4609,94,135,64
4610,170,135,64
4611,136,136,64
4612,132,138,64
4613,179,139,64
4614,95,140,64
4615,173,140,64
4616,106,141,64
4617,97,142,64
4618,166,143,64
4619,124,144,64
4620,98,146,64
4621,175,147,64
4622,88,150,64
4623,103,151,64
4624,114,152,64
4625,128,153,64
4626,93,155,64
4627,92,157,64
4628,134,157,64
4629,132,158,64
4630,169,158,64
4631,99,161,64
4632,162,162,64
4633,157,163,64
4634,111,164,64
4635,114,164,64
4636,135,166,64
4637,141,167,64
4638,133,168,64
4639,117,170,64
4640,135,171,64
4641,130,173,64
4642,146,175,64
4643,140,177,64
4644,117,181,64
4645,138,184,64
4646,141,62,65
4647,124,63,65
4648,144,66,65
4649,134,69,65
4650,132,71,65
4651,106,73,65
4652,162,73,65
4653,116,75,65
4654,158,76,65
4655,98,78,65
4656,137,79,65
4657,142,79,65
4658,170,81,65
4659,116,83,65
4660,174,83,65
4661,112,85,65
4662,112,86,65
4663,116,88,65
4664,174,88,65
4665,146,89,65
4666,143,91,65
4667,101,92,65
4668,168,92,65
4669,151,93,65
4670,164,93,65
4671,147,94,65
4672,137,95,65
4673,176,96,65
4674,153,97,65
4675,111,99,65
4676,178,99,65
4677,109,100,65
4678,83,101,65
4679,154,102,65
4680,132,103,65
4681,118,105,65
4682,151,105,65
4683,172,105,65
4684,94,106,65
4685,140,106,65
4686,143,106,65
4687,103,108,65
4688,141,108,65
4689,176,108,65
4690,143,109,65
4691,140,110,65
4692,172,110,65
4693,97,111,65
4694,161,111,65
4695,172,112,65
4696,118,114,65
4697,184,115,65
4698,95,116,65
4699,81,117,65
4700,149,118,65
4701,142,119,65
4702,149,120,65
4703,113,121,65
4704,82,122,65
4705,123,123,65
4706,175,123,65
4707,92,125,65
4708,117,126,65
4709,94,127,65
4710,114,128,65
4711,136,129,65
4712,131,131,65
4713,172,132,65
4714,114,134,65
4715,167,134,65
4716,108,135,65
4717,167,136,65
4718,159,138,65
4719,148,139,65
4720,164,140,65
4721,174,141,65
4722,87,143,65
4723,108,144,65
4724,115,145,65
4725,108,146,65
4726,121,148,65
4727,150,149,65
4728,139,150,65
4729,136,152,65
4730,149,153,65
4731,115,155,65
4732,95,156,65
4733,93,157,65
4734,144,157,65
4735,90,159,65
4736,119,161,65
4737,167,161,65
4738,91,163,65
4739,95,164,65
4740,110,165,65
4741,154,167,65
4742,99,168,65
4743,149,169,65
4744,106,172,65
4745,110,173,65
4746,133,174,65
4747,117,175,65
4748,137,178,65
4749,116,182,65
4750,133,183,65
4751,145,184,65
4752,123,63,66
4753,130,63,66
4754,112,67,66
4755,141,68,66
4756,149,69,66
4757,96,71,66
4758,127,73,66
4759,129,75,66
4760,137,77,66
4761,168,77,66
4762,163,79,66
4763,158,80,66
4764,161,82,66
4765,163,82,66
4766,163,84,66
4767,169,85,66
4768,99,86,66
4769,101,86,66
4770,155,86,66
4771,149,87,66
4772,153,88,66
4773,159,89,66
4774,177,89,66
4775,124,91,66
4776,137,91,66
4777,106,93,66
4778,117,93,66
4779,111,95,66
4780,148,96,66
4781,84,98,66
4782,166,98,66
4783,148,100,66
4784,137,102,66
4785,151,102,66
4786,127,104,66
4787,80,106,66
4788,121,106,66
4789,92,108,66
4790,118,108,66
4791,167,108,66
4792,96,109,66
4793,120,109,66
4794,82,111,66
4795,135,112,66
4796,148,112,66
4797,133,114,66
4798,173,114,66
4799,101,115,66
4800,81,116,66
4801,123,116,66
4802,149,117,66
4803,161,118,66
4804,106,120,66
4805,115,120,66
4806,105,122,66
4807,151,122,66
4808,135,124,66
4809,154,124,66
4810,175,125,66
4811,168,127,66
4812,84,128,66
4813,134,129,66
4814,174,129,66
4815,147,131,66
4816,118,132,66
4817,123,133,66
4818,162,134,66
4819,171,134,66
4820,100,136,66
4821,94,137,66
4822,82,139,66
4823,164,140,66
4824,135,142,66
4825,130,143,66
4826,88,145,66
4827,97,147,66
4828,87,148,66
4829,128,148,66
4830,105,150,66
4831,145,151,66
4832,92,152,66
4833,119,152,66
4834,158,153,66
4835,89,156,66
4836,139,157,66
4837,110,159,66
4838,91,161,66
4839,146,161,66
4840,117,162,66
4841,117,164,66
4842,135,164,66
4843,135,165,66
4844,113,166,66
4845,157,168,66
4846,119,169,66
4847,154,170,66
4848,127,171,66
4849,108,174,66
4850,102,175,66
4851,113,175,66
4852,132,176,66
4853,137,178,66
4854,118,179,66
4855,133,183,66
4856,125,185,66
4857,113,64,67
4858,133,65,67
4859,114,68,67
4860,106,69,67
4861,140,69,67
4862,157,69,67
4863,129,70,67
4864,140,72,67
4865,139,73,67
4866,155,73,67
4867,142,74,67
4868,151,75,67
4869,146,77,67
4870,151,79,67
4871,153,81,67
4872,163,82,67
4873,106,83,67
4874,98,85,67
4875,150,86,67
4876,149,87,67
4877,157,87,67
4878,160,87,67
4879,146,88,67
4880,163,88,67
4881,96,90,67
4882,121,91,67
4883,95,92,67
4884,98,93,67
4885,125,94,67
4886,156,95,67
4887,99,96,67
4888,135,96,67
4889,140,96,67
4890,125,98,67
4891,141,99,67
4892,118,101,67
4893,155,101,67
4894,172,101,67
4895,113,102,67
4896,176,102,67
4897,172,104,67
4898,140,105,67
4899,152,106,67
4900,170,107,67
4901,92,109,67
4902,157,109,67
4903,133,110,67
4904,154,111,67
4905,112,112,67
4906,133,113,67
4907,103,114,67
4908,83,116,67
4909,94,117,67
4910,108,117,67
4911,80,118,67
4912,168,119,67
4913,127,121,67
4914,117,122,67
4915,89,124,67
4916,115,124,67
4917,168,124,67
4918,110,125,67
4919,164,125,67
4920,147,126,67
4921,148,126,67
4922,138,128,67
4923,162,129,67
4924,134,130,67
4925,90,132,67
4926,176,132,67
4927,97,134,67
4928,119,134,67
4929,111,135,67
4930,148,135,67
4931,177,135,67
4932,172,136,67
4933,115,137,67
4934,165,137,67
4935,156,139,67
4936,130,141,67
4937,125,142,67
4938,123,144,67
4939,96,145,67
4940,146,145,67
4941,115,147,67
4942,136,148,67
4943,139,149,67
4944,153,151,67
4945,130,152,67
4946,118,153,67
4947,107,154,67
4948,111,154,67
4949,147,155,67
4950,95,156,67
4951,135,157,67
4952,146,159,67
4953,141,161,67
4954,154,163,67
4955,114,165,67
4956,109,167,67
4957,115,168,67
4958,147,170,67
4959,106,172,67
4960,155,172,67
4961,137,175,67
4962,123,178,67
4963,113,179,67
4964,113,183,67
4965,118,183,67
4966,117,63,68
4967,107,67,68
4968,99,70,68
4969,109,70,68
4970,139,71,68
4971,132,74,68
4972,102,77,68
4973,109,77,68
4974,164,77,68
4975,99,80,68
4976,92,82,68
4977,97,84,68
4978,160,84,68
4979,135,86,68
4980,102,87,68
4981,163,87,68
4982,113,89,68
4983,129,89,68
4984,156,90,68
4985,122,92,68
4986,163,93,68
4987,162,95,68
4988,107,97,68
4989,150,98,68
4990,93,100,68
4991,86,102,68
4992,143,102,68
4993,176,103,68
4994,179,103,68
4995,124,105,68
4996,114,107,68
4997,170,108,68
4998,104,110,68
4999,100,111,68
5000,150,111,68
5001,151,112,68
5002,94,114,68
5003,123,114,68
5004,142,114,68
5005,119,116,68
5006,117,117,68
5007,104,119,68
5008,149,119,68
5009,122,120,68
5010,84,121,68
5011,122,122,68
5012,164,123,68
5013,155,125,68
5014,104,127,68
5015,157,128,68
5016,166,128,68
5017,129,129,68
5018,81,130,68
5019,119,130,68
5020,147,131,68
5021,131,132,68
5022,114,133,68
5023,124,134,68
5024,130,136,68
5025,159,137,68
5026,127,138,68
5027,131,139,68
5028,117,141,68
5029,160,141,68
5030,86,142,68
5031,109,142,68
5032,152,142,68
5033,155,144,68
5034,101,145,68
5035,102,145,68
5036,109,147,68
5037,117,149,68
5038,148,150,68
5039,104,151,68
5040,104,152,68
5041,154,153,68
5042,160,155,68
5043,103,157,68
5044,92,159,68
5045,102,159,68
5046,154,160,68
5047,150,162,68
5048,142,164,68
5049,112,166,68
5050,155,166,68
5051,133,167,68
5052,136,167,68
5053,138,167,68
5054,119,170,68
5055,105,173,68
5056,129,176,68
5057,117,180,68
5058,142,183,68
5059,118,184,68
5060,130,66,69
5061,147,69,69
5062,96,72,69
5063,120,73,69
5064,147,74,69
5065,112,77,69
5066,147,78,69
5067,95,80,69
5068,96,80,69
5069,154,80,69
5070,148,81,69
5071,98,83,69
5072,134,83,69
5073,105,85,69
5074,113,85,69
5075,146,85,69
5076,124,86,69
5077,165,86,69
5078,156,88,69
5079,169,88,69
5080,155,89,69
5081,152,90,69
5082,164,91,69
5083,110,93,69
5084,138,94,69
5085,146,95,69
5086,92,96,69
5087,87,98,69
5088,110,99,69
5089,110,100,69
5090,150,100,69
5091,164,101,69
5092,123,102,69
5093,82,104,69
5094,118,104,69
5095,164,105,69
5096,121,106,69
5097,105,108,69
5098,157,109,69
5099,177,110,69
5100,131,111,69
5101,97,113,69
5102,137,113,69
5103,148,113,69
5104,182,114,69
5105,141,116,69
5106,96,117,69
5107,181,118,69
5108,148,120,69
5109,145,122,69
5110,140,123,69
5111,89,124,69
5112,155,124,69
5113,175,124,69
5114,99,126,69
5115,164,127,69
5116,95,129,69
5117,84,131,69
5118,117,131,69
5119,111,133,69
5120,118,135,69
5121,169,135,69
5122,119,137,69
5123,90,139,69
5124,124,140,69
5125,157,141,69
5126,117,143,69
5127,146,144,69
5128,147,145,69
5129,98,147,69
5130,107,149,69
5131,108,150,69
5132,152,151,69
5133,156,153,69
5134,172,154,69
5135,148,155,69
5136,140,156,69
5137,167,156,69
5138,135,158,69
5139,115,159,69
5140,160,160,69
5141,100,163,69
5142,157,164,69
5143,148,166,69
5144,154,166,69
5145,114,168,69
5146,116,170,69
5147,155,172,69
5148,159,173,69
5149,107,175,69
5150,142,176,69
5151,123,179,69
5152,140,183,69
5153,128,184,69
5154,138,68,70
5155,143,69,70
5156,106,71,70
5157,99,72,70
5158,116,73,70
5159,119,73,70
5160,106,76,70
5161,120,78,70
5162,164,78,70
5163,150,79,70
5164,128,81,70
5165,132,82,70
5166,159,82,70
5167,141,84,70
5168,91,85,70
5169,167,85,70
5170,169,87,70
5171,84,90,70
5172,100,91,70
5173,83,93,70
5174,91,94,70
5175,115,95,70
5176,124,95,70
5177,134,97,70
5178,86,99,70
5179,172,100,70
5180,93,101,70
5181,176,102,70
5182,97,103,70
5183,101,103,70
5184,93,104,70
5185,145,104,70
5186,113,105,70
5187,168,106,70
5188,103,108,70
5189,85,110,70
5190,129,110,70
5191,89,111,70
5192,137,111,70
5193,123,112,70
5194,130,112,70
5195,181,112,70
5196,111,114,70
5197,89,116,70
5198,130,117,70
5199,81,118,70
5200,154,119,70
5201,166,120,70
5202,95,121,70
5203,143,121,70
5204,103,122,70
5205,104,124,70
5206,107,124,70
5207,156,125,70
5208,137,126,70
5209,168,127,70
5210,86,129,70
5211,88,131,70
5212,110,131,70
5213,170,131,70
5214,98,133,70
5215,140,134,70
5216,149,136,70
5217,164,137,70
5218,170,137,70
5219,97,138,70
5220,131,139,70
5221,137,139,70
5222,141,139,70
5223,149,140,70
5224,101,142,70
5225,108,142,70
5226,107,144,70
5227,109,144,70
5228,98,146,70
5229,147,147,70
5230,91,149,70
5231,109,150,70
5232,123,150,70
5233,117,152,70
5234,165,153,70
5235,167,153,70
5236,97,156,70
5237,152,157,70
5238,157,159,70
5239,119,161,70
5240,155,162,70
5241,119,163,70
5242,150,165,70
5243,121,168,70
5244,102,169,70
5245,131,170,70
5246,127,172,70
5247,146,173,70
5248,124,175,70
5249,143,176,70
5250,147,178,70
5251,131,184,70
5252,137,69,71
5253,131,71,71
5254,107,73,71
5255,161,75,71
5256,111,77,71
5257,107,78,71
5258,106,80,71
5259,151,81,71
5260,132,82,71
5261,158,84,71
5262,142,86,71
5263,137,88,71
5264,150,90,71
5265,117,91,71
5266,139,91,71
5267,141,93,71
5268,154,93,71
5269,170,94,71
5270,144,95,71
5271,147,97,71
5272,168,98,71
5273,130,100,71
5274,153,101,71
5275,107,102,71
5276,133,102,71
5277,164,103,71
5278,91,105,71
5279,172,106,71
5280,156,108,71
5281,130,109,71
5282,148,110,71
5283,123,112,71
5284,142,113,71
5285,168,113,71
5286,152,115,71
5287,179,116,71
5288,150,117,71
5289,95,118,71
5290,114,119,71
5291,120,119,71
5292,97,121,71
5293,94,123,71
5294,95,125,71
5295,132,126,71
5296,103,128,71
5297,94,129,71
5298,104,129,71
5299,148,130,71
5300,137,131,71
5301,88,133,71
5302,91,133,71
5303,122,133,71
5304,98,135,71
5305,117,135,71
5306,104,136,71
5307,167,136,71
5308,123,138,71
5309,156,139,71
5310,167,139,71
5311,98,141,71
5312,157,142,71
5313,165,143,71
5314,137,145,71
5315,155,146,71
5316,139,147,71
5317,115,148,71
5318,104,149,71
5319,122,150,71
5320,107,152,71
5321,92,153,71
5322,145,153,71
5323,157,155,71
5324,149,157,71
5325,147,159,71
5326,100,162,71
5327,121,162,71
5328,151,163,71
5329,107,164,71
5330,138,164,71
5331,108,166,71
5332,137,167,71
5333,135,168,71
5334,134,171,71
5335,146,171,71
5336,127,174,71
5337,156,174,71
5338,136,176,71
5339,152,176,71
5340,152,177,71
5341,119,182,71
5342,102,70,72
5343,129,72,72
5344,114,74,72
5345,116,75,72
5346,140,75,72
5347,160,77,72
5348,162,77,72
5349,99,78,72
5350,121,80,72
5351,129,81,72
5352,147,82,72
5353,126,83,72
5354,111,84,72
5355,145,85,72
5356,151,86,72
5357,101,88,72
5358,155,89,72
5359,152,90,72
5360,106,92,72
5361,163,93,72
5362,118,94,72
5363,142,94,72
5364,92,95,72
5365,152,96,72
5366,172,97,72
5367,120,98,72
5368,131,100,72
5369,93,101,72
5370,130,101,72
5371,83,103,72
5372,150,103,72
5373,98,105,72
5374,163,106,72
5375,145,108,72
5376,94,109,72
5377,144,109,72
5378,176,110,72
5379,169,112,72
5380,111,113,72
5381,121,114,72
5382,114,115,72
5383,159,116,72
5384,140,118,72
5385,109,120,72
5386,83,121,72
5387,132,121,72
5388,103,122,72
5389,121,123,72
5390,95,125,72
5391,135,125,72
5392,124,126,72
5393,121,127,72
5394,130,129,72
5395,103,130,72
5396,96,131,72
5397,132,132,72
5398,87,134,72
5399,140,135,72
5400,117,136,72
5401,157,136,72
5402,151,138,72
5403,162,140,72
5404,88,141,72
5405,95,143,72
5406,136,143,72
5407,116,145,72
5408,164,145,72
5409,109,146,72
5410,88,147,72
5411,92,149,72
5412,139,150,72
5413,162,151,72
5414,113,153,72
5415,147,155,72
5416,96,158,72
5417,133,159,72
5418,140,159,72
5419,164,161,72
5420,125,163,72
5421,133,164,72
5422,120,165,72
5423,107,167,72
5424,160,168,72
5425,107,170,72
5426,119,172,72
5427,147,172,72
5428,108,175,72
5429,130,177,72
5430,119,179,72
5431,123,183,72
5432,114,67,73
5433,104,71,73
5434,112,73,73
5435,131,75,73
5436,126,78,73
5437,140,78,73
5438,111,80,73
5439,124,80,73
5440,156,81,73
5441,106,84,73
5442,119,85,73
5443,123,87,73
5444,127,87,73
5445,168,88,73
5446,166,89,73
5447,109,92,73
5448,129,93,73
5449,129,94,73
5450,118,96,73
5451,167,96,73
5452,171,96,73
5453,106,98,73
5454,110,98,73
5455,96,100,73
5456,174,100,73
5457,125,101,73
5458,162,101,73
5459,98,102,73
5460,106,104,73
5461,141,104,73
5462,174,105,73
5463,118,106,73
5464,132,107,73
5465,90,109,73
5466,95,110,73
5467,91,112,73
5468,152,112,73
5469,137,114,73
5470,124,115,73
5471,159,115,73
5472,154,116,73
5473,149,117,73
5474,98,118,73
5475,85,119,73
5476,98,120,73
5477,116,120,73
5478,176,120,73
5479,160,121,73
5480,88,123,73
5481,108,123,73
5482,122,124,73
5483,172,124,73
5484,133,125,73
5485,82,126,73
5486,118,127,73
5487,167,128,73
5488,169,128,73
5489,157,129,73
5490,139,130,73
5491,151,132,73
5492,135,134,73
5493,99,135,73
5494,94,137,73
5495,106,137,73
5496,136,138,73
5497,170,139,73
5498,104,141,73
5499,162,142,73
5500,92,145,73
5501,109,146,73
5502,116,147,73
5503,136,148,73
5504,104,150,73
5505,143,150,73
5506,168,151,73
5507,169,153,73
5508,135,155,73
5509,100,158,73
5510,107,158,73
5511,150,158,73
5512,117,160,73
5513,137,161,73
5514,144,161,73
5515,107,164,73
5516,129,165,73
5517,145,168,73
5518,127,169,73
5519,139,171,73
5520,119,172,73
5521,111,176,73
5522,127,177,73
5523,142,179,73
5524,127,70,74
5525,128,71,74
5526,120,73,74
5527,157,75,74
5528,96,79,74
5529,138,81,74
5530,122,83,74
5531,119,84,74
5532,131,86,74
5533,165,87,74
5534,144,88,74
5535,113,89,74
5536,140,89,74
5537,161,90,74
5538,98,91,74
5539,121,92,74
5540,144,93,74
5541,126,94,74
5542,163,94,74
5543,108,95,74
5544,136,96,74
5545,146,96,74
5546,115,98,74
5547,124,99,74
5548,150,100,74
5549,92,101,74
5550,145,102,74
5551,88,103,74
5552,99,105,74
5553,108,107,74
5554,96,108,74
5555,154,108,74
5556,175,108,74
5557,86,109,74
5558,144,110,74
5559,118,111,74
5560,124,111,74
5561,151,112,74
5562,101,113,74
5563,93,115,74
5564,171,115,74
5565,132,116,74
5566,135,117,74
5567,125,119,74
5568,153,120,74
5569,102,121,74
5570,143,122,74
5571,85,123,74
5572,150,123,74
5573,108,124,74
5574,90,126,74
5575,129,127,74
5576,97,129,74
5577,114,129,74
5578,136,129,74
5579,103,131,74
5580,129,131,74
5581,146,131,74
5582,167,131,74
5583,174,132,74
5584,92,135,74
5585,115,136,74
5586,125,137,74
5587,164,137,74
5588,96,140,74
5589,90,141,74
5590,131,141,74
5591,129,143,74
5592,147,144,74
5593,149,146,74
5594,135,147,74
5595,97,149,74
5596,122,151,74
5597,137,152,74
5598,120,153,74
5599,145,154,74
5600,107,155,74
5601,163,155,74
5602,140,156,74
5603,153,156,74
5604,110,157,74
5605,132,157,74
5606,163,157,74
5607,126,159,74
5608,147,159,74
5609,159,160,74
5610,152,162,74
5611,131,165,74
5612,154,167,74
5613,159,169,74
5614,138,172,74
5615,123,173,74
5616,134,176,74
5617,131,178,74
5618,116,69,75
5619,126,74,75
5620,107,76,75
5621,130,77,75
5622,131,79,75
5623,143,79,75
5624,158,80,75
5625,127,81,75
5626,92,83,75
5627,133,84,75
5628,130,86,75
5629,161,88,75
5630,117,89,75
5631,116,91,75
5632,123,91,75
5633,148,91,75
5634,156,93,75
5635,144,94,75
5636,130,95,75
5637,112,97,75
5638,144,98,75
5639,95,99,75
5640,108,100,75
5641,121,100,75
5642,148,100,75
5643,155,101,75
5644,132,103,75
5645,100,104,75
5646,142,104,75
5647,141,105,75
5648,108,107,75
5649,170,107,75
5650,145,109,75
5651,126,111,75
5652,98,113,75
5653,147,113,75
5654,166,114,75
5655,139,116,75
5656,174,116,75
5657,136,118,75
5658,175,119,75
5659,121,120,75
5660,121,121,75
5661,150,121,75
5662,119,122,75
5663,175,122,75
5664,152,124,75
5665,91,125,75
5666,127,126,75
5667,173,126,75
5668,137,127,75
5669,141,127,75
5670,127,128,75
5671,149,129,75
5672,171,130,75
5673,166,131,75
5674,125,133,75
5675,126,135,75
5676,151,135,75
5677,148,136,75
5678,90,138,75
5679,166,139,75
5680,92,142,75
5681,105,142,75
5682,120,144,75
5683,127,144,75
5684,133,146,75
5685,124,148,75
5686,168,148,75
5687,93,149,75
5688,107,151,75
5689,127,152,75
5690,106,154,75
5691,145,154,75
5692,138,155,75
5693,141,156,75
5694,119,158,75
5695,104,160,75
5696,107,162,75
5697,111,164,75
5698,129,164,75
5699,145,166,75
5700,127,167,75
5701,115,170,75
5702,142,171,75
5703,120,174,75
5704,127,175,75
5705,147,176,75
5706,127,177,75
5707,128,71,76
5708,143,73,76
5709,110,77,76
5710,102,79,76
5711,101,81,76
5712,97,82,76
5713,118,83,76
5714,159,84,76
5715,154,86,76
5716,136,88,76
5717,164,88,76
5718,114,91,76
5719,150,93,76
5720,151,95,76
5721,131,97,76
5722,107,99,76
5723,88,101,76
5724,111,101,76
5725,106,103,76
5726,164,103,76
5727,149,105,76
5728,104,107,76
5729,99,108,76
5730,141,108,76
5731,101,110,76
5732,124,110,76
5733,117,111,76
5734,148,111,76
5735,115,113,76
5736,127,115,76
5737,156,115,76
5738,126,117,76
5739,138,118,76
5740,149,118,76
5741,111,120,76
5742,96,122,76
5743,157,122,76
5744,120,123,76
5745,120,124,76
5746,141,125,76
5747,145,127,76
5748,145,128,76
5749,111,129,76
5750,129,129,76
5751,135,130,76
5752,164,130,76
5753,155,131,76
5754,126,132,76
5755,126,134,76
5756,158,135,76
5757,120,137,76
5758,148,139,76
5759,125,141,76
5760,106,142,76
5761,121,143,76
5762,101,145,76
5763,152,146,76
5764,127,148,76
5765,155,148,76
5766,138,149,76
5767,120,151,76
5768,137,152,76
5769,97,155,76
5770,136,156,76
5771,122,158,76
5772,151,160,76
5773,157,161,76
5774,115,163,76
5775,138,166,76
5776,121,168,76
5777,154,170,76
5778,132,174,76
5779,142,175,76
5780,118,178,76
5781,119,178,76
5782,127,178,76
5783,115,75,77
5784,111,78,77
5785,144,80,77
5786,160,82,77
5787,140,85,77
5788,127,86,77
5789,112,87,77
5790,98,88,77
5791,120,89,77
5792,151,91,77
5793,167,91,77
5794,163,93,77
5795,143,94,77
5796,140,96,77
5797,115,97,77
5798,108,99,77
5799,121,101,77
5800,169,102,77
5801,97,103,77
5802,153,104,77
5803,137,106,77
5804,85,107,77
5805,119,107,77
5806,104,109,77
5807,89,110,77
5808,93,110,77
5809,157,110,77
5810,137,112,77
5811,125,114,77
5812,152,114,77
5813,156,116,77
5814,146,118,77
5815,137,119,77
5816,100,120,77
5817,157,121,77
5818,119,123,77
5819,107,125,77
5820,166,125,77
5821,110,126,77
5822,90,127,77
5823,99,127,77
5824,121,129,77
5825,170,129,77
5826,162,130,77
5827,90,132,77
5828,166,132,77
5829,167,132,77
5830,149,134,77
5831,114,136,77
5832,144,138,77
5833,147,140,77
5834,99,142,77
5835,114,143,77
5836,156,144,77
5837,112,147,77
5838,159,149,77
5839,141,151,77
5840,141,152,77
5841,99,153,77
5842,159,154,77
5843,118,157,77
5844,130,159,77
5845,135,162,77
5846,117,164,77
5847,115,167,77
5848,143,170,77
5849,126,175,77
5850,121,177,77
5851,120,74,78
5852,132,75,78
5853,123,78,78
5854,146,79,78
5855,139,82,78
5856,145,82,78
5857,126,84,78
5858,133,86,78
5859,144,88,78
5860,155,90,78
5861,110,93,78
5862,134,94,78
5863,150,94,78
5864,165,95,78
5865,100,96,78
5866,138,96,78
5867,94,97,78
5868,134,97,78
5869,146,99,78
5870,150,99,78
5871,109,100,78
5872,130,101,78
5873,149,102,78
5874,99,103,78
5875,138,103,78
5876,158,104,78
5877,163,106,78
5878,157,108,78
5879,102,110,78
5880,160,110,78
5881,136,111,78
5882,142,112,78
5883,160,114,78
5884,108,116,78
5885,145,117,78
5886,139,118,78
5887,169,119,78
5888,131,120,78
5889,165,120,78
5890,113,121,78
5891,101,122,78
5892,131,123,78
5893,156,125,78
5894,169,127,78
5895,160,129,78
5896,98,132,78
5897,152,133,78
5898,165,133,78
5899,166,135,78
5900,117,137,78
5901,141,137,78
5902,132,139,78
5903,140,140,78
5904,162,141,78
5905,116,144,78
5906,123,146,78
5907,99,149,78
5908,141,149,78
5909,117,152,78
5910,102,153,78
5911,154,153,78
5912,113,154,78
5913,148,154,78
5914,99,156,78
5915,119,156,78
5916,138,156,78
5917,115,158,78
5918,129,160,78
5919,149,160,78
5920,154,160,78
5921,133,161,78
5922,155,161,78
5923,124,164,78
5924,144,164,78
5925,117,167,78
5926,130,170,78
5927,121,171,78
5928,125,171,78
5929,120,176,78
5930,136,76,79
5931,146,79,79
5932,137,80,79
5933,104,81,79
5934,154,83,79
5935,107,84,79
5936,153,85,79
5937,106,87,79
5938,146,87,79
5939,112,89,79
5940,161,91,79
5941,139,93,79
5942,100,94,79
5943,148,94,79
5944,125,95,79
5945,102,97,79
5946,145,97,79
5947,126,98,79
5948,133,99,79
5949,134,101,79
5950,160,101,79
5951,90,103,79
5952,114,103,79
5953,135,105,79
5954,162,106,79
5955,140,107,79
5956,123,109,79
5957,139,110,79
5958,127,111,79
5959,123,112,79
5960,107,113,79
5961,148,113,79
5962,164,114,79
5963,91,115,79
5964,160,116,79
5965,131,117,79
5966,135,117,79
5967,155,119,79
5968,103,120,79
5969,147,121,79
5970,89,124,79
5971,88,125,79
5972,126,126,79
5973,111,127,79
5974,141,129,79
5975,145,130,79
5976,150,131,79
5977,134,132,79
5978,133,133,79
5979,123,135,79
5980,108,137,79
5981,159,138,79
5982,126,141,79
5983,117,143,79
5984,99,144,79
5985,138,144,79
5986,136,146,79
5987,125,147,79
5988,154,148,79
5989,162,148,79
5990,161,149,79
5991,99,152,79
5992,139,152,79
5993,149,153,79
5994,149,154,79
5995,134,157,79
5996,135,158,79
5997,152,159,79
5998,109,163,79
5999,128,164,79
6000,132,167,79
6001,121,169,79
6002,133,172,79
6003,141,173,79
6004,117,77,80
6005,122,79,80
6006,142,81,80
6007,121,83,80
6008,117,86,80
6009,116,87,80
6010,98,88,80
6011,123,88,80
6012,108,90,80
6013,152,92,80
6014,148,94,80
6015,159,95,80
6016,165,96,80
6017,158,97,80
6018,165,98,80
6019,117,100,80
6020,119,100,80
6021,161,100,80
6022,117,101,80
6023,133,102,80
6024,110,103,80
6025,126,105,80
6026,140,105,80
6027,156,105,80
6028,127,106,80
6029,92,107,80
6030,142,107,80
6031,139,108,80
6032,155,108,80
6033,92,111,80
6034,153,112,80
6035,166,114,80
6036,112,115,80
6037,165,115,80
6038,146,116,80
6039,136,117,80
6040,133,118,80
6041,99,119,80
6042,114,119,80
6043,136,120,80
6044,120,121,80
6045,131,122,80
6046,155,124,80
6047,154,126,80
6048,120,128,80
6049,142,129,80
6050,119,130,80
6051,126,131,80
6052,106,133,80
6053,157,133,80
6054,116,135,80
6055,165,137,80
6056,118,139,80
6057,163,139,80
6058,164,141,80
6059,94,142,80
6060,136,142,80
6061,123,143,80
6062,115,146,80
6063,159,147,80
6064,141,149,80
6065,122,150,80
6066,116,151,80
6067,136,152,80
6068,101,154,80
6069,106,156,80
6070,148,156,80
6071,131,157,80
6072,112,159,80
6073,107,160,80
6074,111,162,80
6075,145,162,80
6076,135,165,80
6077,136,170,80
6078,124,173,80
6079,132,173,80
6080,141,80,81
6081,149,83,81
6082,115,86,81
6083,129,88,81
6084,132,89,81
6085,108,91,81
6086,115,93,81
6087,156,94,81
6088,137,97,81
6089,145,97,81
6090,113,98,81
6091,145,99,81
6092,101,100,81
6093,123,102,81
6094,125,103,81
6095,133,105,81
6096,106,106,81
6097,130,107,81
6098,133,108,81
6099,91,109,81
6100,164,110,81
6101,144,112,81
6102,149,112,81
6103,119,114,81
6104,134,114,81
6105,137,114,81
6106,100,116,81
6107,146,116,81
6108,95,118,81
6109,96,118,81
6110,135,119,81
6111,147,120,81
6112,167,122,81
6113,126,123,81
6114,140,124,81
6115,101,125,81
6116,90,126,81
6117,100,127,81
6118,165,127,81
6119,118,128,81
6120,156,130,81
6121,96,132,81
6122,103,134,81
6123,149,135,81
6124,135,136,81
6125,106,139,81
6126,145,141,81
6127,136,142,81
6128,134,144,81
6129,114,146,81
6130,111,147,81
6131,109,149,81
6132,109,150,81
6133,123,150,81
6134,141,152,81
6135,148,152,81
6136,119,153,81
6137,148,154,81
6138,134,156,81
6139,115,158,81
6140,111,161,81
6141,143,162,81
6142,144,163,81
6143,122,165,81
6144,148,166,81
6145,142,168,81
6146,143,170,81
6147,139,81,82
6148,135,84,82
6149,139,85,82
6150,106,87,82
6151,110,87,82
6152,122,88,82
6153,105,90,82
6154,109,92,82
6155,161,92,82
6156,148,95,82
6157,128,97,82
6158,149,97,82
6159,126,99,82
6160,141,100,82
6161,163,100,82
6162,139,101,82
6163,94,102,82
6164,138,102,82
6165,124,104,82
6166,128,106,82
6167,137,107,82
6168,139,109,82
6169,143,111,82
6170,155,111,82
6171,96,113,82
6172,158,114,82
6173,94,115,82
6174,125,117,82
6175,97,118,82
6176,118,118,82
6177,140,118,82
6178,111,119,82
6179,116,121,82
6180,119,122,82
6181,151,123,82
6182,165,123,82
6183,125,125,82
6184,134,127,82
6185,111,129,82
6186,117,129,82
6187,148,129,82
6188,116,132,82
6189,106,134,82
6190,115,136,82
6191,98,139,82
6192,105,140,82
6193,129,142,82
6194,115,143,82
6195,138,144,82
6196,118,146,82
6197,134,146,82
6198,123,149,82
6199,151,149,82
6200,132,151,82
6201,152,153,82
6202,125,157,82
6203,139,158,82
6204,120,162,82
6205,149,162,82
6206,135,166,82
6207,116,82,83
6208,107,85,83
6209,129,85,83
6210,116,86,83
6211,114,88,83
6212,156,89,83
6213,106,92,83
6214,104,94,83
6215,114,94,83
6216,160,94,83
6217,156,97,83
6218,129,100,83
6219,111,101,83
6220,115,103,83
6221,150,105,83
6222,154,105,83
6223,107,108,83
6224,152,108,83
6225,133,109,83
6226,163,109,83
6227,107,112,83
6228,126,112,83
6229,150,113,83
6230,103,115,83
6231,107,116,83
6232,155,116,83
6233,159,118,83
6234,148,119,83
6235,138,120,83
6236,135,122,83
6237,157,123,83
6238,131,125,83
6239,160,126,83
6240,137,129,83
6241,138,129,83
6242,100,130,83
6243,161,132,83
6244,134,135,83
6245,98,136,83
6246,103,139,83
6247,156,141,83
6248,105,145,83
6249,134,145,83
6250,104,148,83
6251,106,149,83
6252,155,151,83
6253,136,154,83
6254,135,158,83
6255,137,160,83
6256,116,163,83
6257,138,167,83
6258,114,85,84
6259,119,89,84
6260,135,91,84
6261,117,93,84
6262,138,94,84
6263,113,95,84
6264,147,97,84
6265,100,99,84
6266,127,101,84
6267,145,102,84
6268,105,103,84
6269,128,103,84
6270,108,105,84
6271,151,105,84
6272,153,106,84
6273,113,108,84
6274,100,110,84
6275,118,110,84
6276,114,111,84
6277,155,111,84
6278,154,112,84
6279,153,113,84
6280,127,115,84
6281,160,115,84
6282,100,116,84
6283,113,118,84
6284,136,118,84
6285,119,120,84
6286,137,121,84
6287,150,121,84
6288,130,123,84
6289,133,125,84
6290,160,126,84
6291,114,128,84
6292,107,131,84
6293,158,131,84
6294,113,133,84
6295,101,136,84
6296,113,136,84
6297,118,139,84
6298,140,141,84
6299,146,142,84
6300,106,143,84
6301,140,146,84
6302,143,146,84
6303,124,148,84
6304,121,149,84
6305,132,151,84
6306,120,154,84
6307,134,156,84
6308,113,159,84
6309,138,160,84
6310,118,164,84
6311,125,86,85
6312,106,90,85
6313,119,91,85
6314,140,93,85
6315,108,97,85
6316,113,99,85
6317,135,101,85
6318,104,104,85
6319,115,105,85
6320,127,105,85
6321,140,107,85
6322,112,110,85
6323,153,110,85
6324,144,113,85
6325,114,115,85
6326,142,116,85
6327,149,116,85
6328,135,119,85
6329,120,121,85
6330,116,122,85
6331,107,123,85
6332,116,124,85
6333,110,126,85
6334,113,127,85
6335,129,127,85
6336,149,128,85
6337,110,130,85
6338,131,133,85
6339,146,133,85
6340,148,134,85
6341,146,137,85
6342,126,139,85
6343,148,140,85
6344,144,143,85
6345,124,144,85
6346,116,145,85
6347,148,148,85
6348,124,151,85
6349,131,152,85
6350,151,153,85
6351,112,154,85
6352,125,157,85
6353,137,159,85
6354,125,160,85
6355,139,87,86
6356,131,88,86
6357,113,91,86
6358,121,91,86
6359,114,94,86
6360,151,94,86
6361,106,96,86
6362,116,97,86
6363,147,98,86
6364,120,101,86
6365,152,103,86
6366,108,104,86
6367,115,104,86
6368,113,106,86
6369,116,109,86
6370,116,110,86
6371,143,110,86
6372,127,111,86
6373,104,114,86
6374,149,116,86
6375,100,119,86
6376,101,119,86
6377,137,121,86
6378,111,123,86
6379,110,126,86
6380,107,129,86
6381,108,132,86
6382,155,133,86
6383,105,136,86
6384,131,139,86
6385,144,140,86
6386,120,141,86
6387,136,144,86
6388,149,146,86
6389,115,148,86
6390,133,151,86
6391,139,153,86
6392,137,159,86
6393,140,159,86
6394,127,161,86
6395,126,90,87
6396,146,92,87
6397,123,95,87
6398,137,97,87
6399,132,99,87
6400,119,100,87
6401,112,102,87
6402,138,102,87
6403,128,106,87
6404,131,106,87
6405,133,108,87
6406,110,111,87
6407,141,113,87
6408,112,117,87
6409,146,117,87
6410,102,119,87
6411,144,120,87
6412,134,121,87
6413,131,124,87
6414,143,127,87
6415,112,130,87
6416,150,130,87
6417,114,132,87
6418,105,134,87
6419,108,136,87
6420,142,136,87
6421,117,138,87
6422,123,138,87
6423,133,140,87
6424,110,144,87
6425,130,147,87
6426,120,151,87
6427,130,151,87
6428,139,151,87
6429,123,158,87
6430,116,91,88
6431,110,95,88
6432,128,96,88
6433,146,96,88
6434,124,100,88
6435,153,101,88
6436,152,102,88
6437,115,107,88
6438,107,108,88
6439,119,111,88
6440,115,112,88
6441,145,114,88
6442,115,118,88
6443,137,120,88
6444,149,123,88
6445,130,125,88
6446,124,126,88
6447,134,126,88
6448,112,128,88
6449,153,130,88
6450,148,134,88
6451,134,135,88
6452,152,135,88
6453,131,140,88
6454,111,141,88
6455,116,146,88
6456,144,148,88
6457,121,150,88
6458,121,92,89
6459,127,94,89
6460,116,95,89
6461,132,99,89
6462,143,101,89
6463,120,103,89
6464,152,104,89
6465,131,105,89
6466,113,107,89
6467,136,107,89
6468,146,109,89
6469,116,114,89
6470,132,115,89
6471,116,118,89
6472,154,121,89
6473,131,126,89
6474,145,130,89
6475,116,133,89
6476,125,136,89
6477,117,138,89
6478,119,145,89
6479,129,98,90
6480,141,98,90
6481,144,98,90
6482,147,100,90
6483,140,101,90
6484,117,105,90
6485,126,110,90
6486,118,114,90
6487,108,117,90
6488,115,122,90
6489,120,128,90
6490,138,129,90
6491,143,131,90
6492,116,136,90
6493,121,96,91
6494,139,103,91
6495,148,107,91
6496,120,110,91
6497,122,113,91
6498,146,118,91
6499,113,131,91
6500,123,107,92
6501,141,113,92
