label,Iso_map,,,RandomTrees,,,Spec-tral,,,t_SNE,,,IsomapClustering,Random_TreesClustering,SpectralClustering,t-SNEClustering,LouvainClustering
1,17.86152,10.60888,3.11563,0.05806,1.72522,3.77544,0.00856,0.00926,0.00235,-16.54927,59.4526,-76.35594,1,1,1,2,1
2,9.48924,10.97886,5.12402,0.52014,1.2183,1.62456,0.00444,0.00678,-0.00435,-16.02625,59.36096,-8.39446,1,1,1,2,2
3,12.23272,11.76356,4.15329,0.19618,1.34402,2.29665,0.00583,0.00875,-0.00381,-18.30216,-49.7465,-61.45245,1,1,1,1,2
4,7.50439,12.67373,-0.52378,0.61921,0.86652,1.19474,0.00377,0.00795,-0.00589,-29.73508,-26.19417,112.82035,1,1,1,1,1
5,3.05844,5.95347,5.52844,0.87747,0.79766,0.42407,0.0017,0.00587,-0.00346,-4.39566,57.03009,5.79907,1,1,1,2,2
6,-2.04393,10.21728,2.83372,1.94525,0.26313,0.25657,0.00033,0.00589,-0.00608,1.97995,70.53866,12.76776,1,1,1,2,4
7,18.6218,7.93189,3.6871,0.07218,2.20439,4.63674,0.00896,0.00761,0.00663,-29.7349,65.64271,-57.6996,1,1,1,2,1
8,20.53025,6.67458,6.43901,0.06731,2.22302,4.78846,0.00929,0.00789,0.00897,-12.12824,72.08678,-60.6341,1,1,1,2,2
9,22.69021,1.24801,6.90914,0.04953,2.0635,4.8371,0.00958,0.00777,0.0107,8.6366,79.28106,31.875,1,1,1,2,2
10,-10.38019,4.80565,-0.06223,12.27386,-2.91651,1.83017,-0.00441,0.00328,0.00097,-72.05284,19.32769,35.88092,2,1,1,2,4
11,19.40786,7.88982,3.79369,0.06229,2.34233,5.2915,0.00917,0.00797,0.00784,33.66683,-8.66874,-77.11773,1,1,1,1,2
12,7.02237,11.37695,-1.23601,0.65892,1.27682,0.92497,0.00349,0.0064,-0.00495,-16.55002,76.83609,20.76797,1,1,1,2,4
13,20.76336,6.02718,5.86016,0.07805,2.67836,5.75987,0.00936,0.00743,0.00959,54.68694,-33.3955,110.97358,1,1,1,1,2
14,6.80936,8.3745,-0.31988,0.76215,1.75397,1.83011,0.00358,0.00635,-0.00685,-26.18659,74.70612,-8.85717,1,1,1,2,1
15,20.79374,3.14404,7.36289,0.09642,2.84562,5.95181,0.00921,0.00689,0.00945,-22.44405,45.80239,-61.79847,1,1,1,2,2
16,2.96512,10.68626,0.35441,1.40227,1.36589,0.65834,0.00151,0.00653,-0.00537,-12.99977,79.89426,5.41658,1,1,1,2,4
17,5.29752,9.13083,-1.22211,1.23337,1.50826,0.94541,0.00228,0.0062,-0.0063,-0.32524,54.36036,19.08813,1,1,1,2,1
18,-9.31252,4.50286,-0.09906,13.3038,-3.0757,1.99798,-0.00453,0.00356,0,-24.93618,-4.19302,36.32874,2,4,1,2,4
19,17.92067,6.94065,1.76404,0.12499,3.10406,5.94335,0.00862,0.00727,0.00479,-5.66538,54.336,-61.15697,3,1,1,2,2
20,-10.24666,4.48668,0.60336,12.74847,-2.93991,1.91069,-0.00442,0.00333,0.0007,-47.81572,-37.53622,22.20583,2,1,1,2,2
21,20.58896,2.80571,0.50029,0.09406,2.93515,5.98333,0.00884,0.00665,0.00684,185.76236,-67.03838,63.46792,1,1,1,1,1
22,22.71931,-0.91364,6.74238,0.06581,2.74484,6.12504,0.0096,0.00673,0.01135,-24.85505,52.5246,-43.67902,1,1,1,2,4
23,18.34513,7.07197,1.55597,0.08949,2.64839,5.35633,0.00832,0.00741,0.00573,-1.20612,69.79968,-42.17885,3,1,1,2,4
24,-8.44311,4.17281,0.07187,13.47627,-3.15352,2.077,-0.00455,0.0036,0,33.52903,13.5944,38.08669,2,2,1,2,4
25,-10.00113,4.50212,0.45787,12.93192,-3.00213,1.95876,-0.00446,0.00341,0.00053,-42.99672,-8.37968,58.69935,2,1,1,2,2
26,14.47099,8.59232,3.16942,0.19915,2.71587,4.29467,0.00673,0.00715,0.00011,0.60417,79.72712,-22.86871,1,1,1,2,2
27,20.65567,4.75016,2.75926,0.12912,3.65253,7.02922,0.009,0.00678,0.00762,75.85184,12.4936,35.78804,1,1,1,1,2
28,18.4778,6.78183,0.47239,0.12069,2.80178,5.30218,0.0083,0.007,0.00421,-16.97675,68.96357,-36.15416,3,1,1,2,1
29,7.79297,9.08853,-0.61202,0.97696,1.72924,1.42957,0.00323,0.00518,-0.00327,-5.16176,63.47439,56.86588,1,1,1,2,3
30,13.58542,7.57561,1.28494,0.29477,2.76145,3.84801,0.00584,0.00548,-0.00206,5.1857,59.90375,-17.32299,1,1,1,2,2
31,18.58283,7.25142,1.96895,0.1354,3.67368,6.91907,0.00852,0.00643,0.00514,-13.63676,-14.84818,-71.65494,3,1,1,2,2
32,21.32907,0.75064,4.11837,0.12313,3.72341,7.21854,0.00913,0.00577,0.00867,3.07077,-31.89293,-120.38823,1,1,1,1,2
33,17.20567,8.08134,-0.67288,0.23262,2.74705,4.17008,0.00683,0.00464,0.0007,-47.4772,21.91297,-38.8169,3,1,1,2,1
34,11.3086,8.64042,-4.0672,0.99085,2.80587,2.90245,0.00462,0.00569,-0.00672,-34.50725,32.97403,-33.6249,1,1,1,2,1
35,12.45482,9.72506,-4.15175,0.40034,2.6922,3.38932,0.00495,0.00583,-0.00276,19.74308,79.65836,-10.74522,1,1,1,2,4
36,17.73085,7.12857,0.08022,0.18053,3.30311,5.43501,0.00729,0.00593,0.00153,-34.83428,-10.12149,-63.76841,3,1,1,2,4
37,12.29957,5.90464,-4.56169,0.54768,2.96039,3.02485,0.0051,0.00484,-0.00389,-45.86088,-61.45302,10.63588,1,1,1,1,1
38,21.54926,0.41485,2.94534,0.15452,3.93155,7.18399,0.00881,0.00528,0.00708,-5.12988,50.36955,-41.66382,1,1,1,2,4
39,21.10437,1.11213,0.9627,0.15773,3.65133,6.60198,0.00826,0.0046,0.00531,-35.61308,5.68624,-49.71133,1,1,1,2,3
40,17.75448,5.74117,0.32636,0.25305,3.86075,6.53825,0.00794,0.00547,0.00316,6.34313,-114.897,62.8107,3,1,1,1,2
41,-8.44311,4.17281,0.07187,13.47627,-3.15352,2.077,-0.00455,0.0036,-705,18.12721,-70.24508,-12.8107,2,2,1,2,4
42,-10.19136,4.15335,0.68854,12.36513,-2.63645,1.52937,-0.00437,0.00298,0.00126,-3.78977,-3.67335,57.54608,2,1,1,2,3
43,-9.32683,4.44456,0.12096,13.06085,-3.03383,1.93247,-0.00452,0.00358,805,-1.64788,17.14582,47.05961,2,3,1,2,4
44,18.71395,3.68859,1.57481,0.22824,4.08888,6.28298,0.00754,0.00356,0.0037,-42.34938,3.38578,-66.30934,1,1,1,2,3
45,-1.52819,8.91423,3.16942,3.24701,1.58284,0.45452,105,0.00413,-0.00562,-31.57363,59.36052,22.8665,1,1,1,2,2
46,2.61375,5.62015,-4.29744,2.20316,2.33365,0.91112,0.00126,0.00343,-0.00787,-45.95957,-33.58246,62.65138,1,1,1,2,1
47,15.98301,3.54443,0.80314,0.27396,4.09501,5.57773,0.00675,0.00422,-0.00083,12.33253,48.0991,-27.72518,1,1,1,2,2
48,-9.295,4.57322,-0.17288,13.09781,-3.0364,1.95245,-0.00455,0.0036,-705,-29.11633,46.27592,38.32091,2,3,1,2,2
49,21.60697,-1.63081,4.06209,0.11987,3.68061,7.0328,0.00888,0.00358,0.00864,11.50479,47.51374,-50.85245,1,1,1,2,4
50,-9.71169,4.50215,0.30907,13.05431,-3.04685,1.9937,-0.0045,0.0035,0.0003,-38.58621,6.43569,55.34789,2,3,1,2,2
51,-8.44311,4.17281,0.07187,13.47627,-3.15352,2.077,-0.00455,0.0036,-705,46.55086,3.6601,28.4864,2,2,1,2,4
52,-8.44311,4.17281,0.07187,13.47627,-3.15352,2.077,-0.00455,0.0036,-705,28.81457,-0.61031,23.3652,2,2,1,2,3
53,15.73635,4.77734,0.94545,0.32402,4.17271,6.32975,0.00707,0.00369,0.00054,10.44559,-87.93642,12.31554,1,1,1,2,2
54,14.10162,6.19425,-0.74304,0.55196,3.53367,3.97083,0.00555,0.00388,-0.0034,2.6547,32.66668,-33.20163,1,1,1,2,4
55,16.85644,3.15645,2.0837,0.2239,4.4736,7.13021,0.00775,0.00251,0.00429,-29.9639,-75.70505,-5.66922,1,1,1,1,3
56,8.60053,6.09709,-1.92782,0.81514,3.50704,2.9444,0.00405,0.00362,-0.00696,-1.37857,41.79466,-12.94725,1,1,1,2,2
57,15.84134,4.73733,1.45185,0.23597,3.90811,6.17007,0.00754,0.00397,0.00048,-12.82682,31.79781,-47.50102,1,1,1,2,2
58,16.82753,2.27629,2.21132,0.20542,4.58746,7.58496,0.00802,0.00244,0.00449,-22.49934,19.43223,-52.78232,1,1,1,2,3
59,-7.10863,8.54452,1.94847,9.59589,-1.09352,0.76338,-0.00358,0.00366,-0.00191,-43.10302,25.41185,-0.88327,1,1,1,2,4
60,14.07804,5.15323,-5.35063,0.69955,3.93646,4.16172,0.00515,0.00326,-0.00529,-15.50195,42.44368,-23.57371,1,1,1,2,1
61,20.36803,-2.01299,1.99374,0.16425,4.30213,7.49048,0.00823,0.00219,0.00574,-33.62412,27.74019,-58.07742,1,1,1,2,4
62,13.54709,0.02307,-1.43406,0.54607,4.60736,4.65509,0.00494,0.00098,-0.00323,31.29723,56.06154,-23.06786,4,1,1,2,3
63,-2.29231,4.7801,-1.60308,4.26253,1.86284,0.62599,-0.00047,0.0019,-0.0075,-25.42614,34.28349,-6.209,1,1,1,2,1
64,7.7027,6.13788,-0.57564,0.69444,3.54326,3.43728,0.00406,0.00306,-0.00542,21.72878,62.17541,0.14168,1,1,1,2,4
65,7.04711,6.49417,-1.85638,1.16111,3.47693,2.85061,0.00346,0.00339,-0.009,-43.06111,40.26772,-20.28497,1,1,1,2,1
66,15.46776,-0.05517,0.60455,0.34947,5.44577,7.2435,0.00741,0.00129,0.00078,61.15745,2.99531,-23.60263,1,1,1,2,1
67,15.31626,1.0098,-0.16866,0.32683,4.49422,6.56337,0.00687,0.00111,0.00066,27.92681,-41.07186,70.68248,1,1,1,1,4
68,16.15558,-0.79802,3.60505,0.23892,4.61696,6.79817,0.00763,0.00078,0.00343,6.14453,29.92346,-60.31421,1,1,1,2,2
69,-1.72755,7.86406,-0.39894,4.28856,1.47808,0.53892,-0.00065,0.00365,-0.00711,-24.18252,44.60022,14.91701,1,1,1,2,1
70,15.2487,2.37718,-1.48403,0.44738,4.7197,5.68964,0.00631,0.00117,-0.00131,2.06463,32.37529,-77.12998,1,1,1,2,4
71,9.12173,0.99656,-2.26176,1.04947,4.09584,2.90296,0.00359,0.0013,-0.00609,14.22734,41.58588,-6.7254,1,1,1,2,2
72,-8.44311,4.17281,0.07187,13.47627,-3.15352,2.077,-0.00455,0.0036,-705,-19.06778,12.15936,-76.49362,2,2,1,2,2
73,13.06486,-1.65343,-2.30723,0.54484,4.78323,4.61274,0.00499,0.00055,-0.0043,6.72677,-76.1581,-32.84853,1,1,1,2,3
74,14.72789,-1.49859,-0.57002,0.43575,5.87693,6.62747,0.00674,405,-0.0008,56.46023,-14.61658,-33.68078,4,1,1,2,3
75,13.96312,-0.2961,-1.93428,0.59002,5.15667,5.50042,0.00605,0.00068,-0.00329,-12.85113,23.8651,-26.35535,4,1,1,2,2
76,14.09594,-0.4421,-1.30865,0.60714,5.17508,5.79957,0.00615,0.00045,-0.00281,-5.87775,59.52052,37.1668,4,1,1,1,2
77,-10.16497,4.76748,-0.16325,12.48425,-2.91336,1.81391,-0.00443,0.0033,0.0008,-54.79512,19.29771,39.92553,2,1,1,2,4
78,14.82064,-1.07955,-0.77148,0.50802,5.65763,6.46266,0.00675,-405,-0.00044,54.66084,28.4581,52.40334,4,1,1,2,1
79,18.60455,-7.3674,2.06855,0.26692,4.90993,6.46673,0.00732,-0.00098,0.0035,18.70226,22.52854,-72.66169,1,1,1,2,4
80,14.9311,-3.80519,-2.52695,0.4734,4.95426,5.40906,0.00642,-0.00024,-0.00159,10.05218,6.06346,-73.4733,1,1,1,2,4
81,-8.44311,4.17281,0.07187,13.47627,-3.15352,2.077,-0.00455,0.0036,-705,-78.64087,112.68681,-32.99086,2,2,1,1,2
82,-8.3491,4.7961,0.8436,12.59967,-2.79825,1.93298,-0.00428,0.00354,-0.00067,-48.37918,62.22434,-22.58913,2,1,1,2,2
83,-1.38829,3.77456,0.79933,4.78658,2.44781,-0.5002,-0.00037,0.00147,-0.00494,-37.72447,13.60757,-18.73784,1,1,1,2,2
84,-8.44311,4.17281,0.07187,13.47627,-3.15352,2.077,-0.00455,0.0036,-705,46.87882,-15.15401,-3.5775,2,2,1,2,4
85,16.8655,-7.79133,3.49469,0.31598,5.342,6.23087,0.00716,-0.00202,0.00399,53.31357,46.12121,-18.98854,1,1,1,2,3
86,2.36735,3.02075,-5.96203,2.85416,3.14959,1.58143,0.00096,0.00148,-0.00846,-12.98183,33.6088,5.81179,1,1,1,2,1
87,6.60598,1.11739,-5.23538,1.56573,4.88846,1.91199,0.00299,-0.00054,-0.00813,-21.64134,4.54779,-31.25577,1,1,1,2,3
88,5.29121,1.30222,-5.66255,2.04307,4.20023,1.0499,0.00257,-0.00031,-0.00765,-13.26079,13.12651,-7.92806,1,1,1,2,2
89,17.07468,-7.56913,-0.26724,0.33046,5.21265,5.86255,0.00667,-0.00218,0.00125,31.3743,31.74746,-61.58204,1,1,1,2,1
90,-8.44311,4.17281,0.07187,13.47627,-3.15352,2.077,-0.00455,0.0036,-705,64.66746,-4.89636,-1.32052,2,2,1,2,1
91,-8.44311,4.17281,0.07187,13.47627,-3.15352,2.077,-0.00455,0.0036,-705,27.63314,-6.82049,2.48062,2,2,1,2,2
92,14.39368,-4.63514,-2.17366,0.48917,5.75957,5.33628,0.00616,-0.00263,-0.00067,-27.5981,-71.58507,27.74052,1,1,1,1,1
93,11.06854,-1.39539,-3.80993,0.92725,5.54391,3.53615,0.00432,-0.00229,-0.00382,1.08563,12.74787,-44.65481,1,1,1,2,3
94,13.12165,-4.76,-1.52179,0.8013,5.97731,4.75791,0.00578,-0.00263,-0.00146,17.59136,12.85623,-54.0502,1,1,1,2,1
95,12.75283,-3.62982,-3.21892,0.86509,5.73593,3.88137,0.00504,-0.00223,-0.0042,-52.92292,-35.5734,-3.37199,1,1,1,2,1
96,12.29547,-4.22775,-1.3974,0.77165,5.31779,3.97239,0.00524,-0.00254,-0.00253,29.91502,42.77735,7.43876,1,1,1,2,2
97,15.88227,-8.1094,1.80087,0.42232,5.58776,4.95129,0.00627,-0.00339,0.00143,31.87926,15.56549,-67.96399,1,1,1,2,4
98,4.07881,-1.99818,-3.63051,2.27216,5.21879,1.02977,0.00225,-0.00186,-0.00723,-34.53255,-7.29636,-22.75889,1,1,1,2,4
99,-8.44311,4.17281,0.07187,13.47627,-3.15352,2.077,-0.00455,0.0036,-705,60.48933,2.14611,16.20665,2,2,1,2,4
100,15.35979,-8.88458,0.96749,0.40414,5.20755,4.20094,0.00623,-0.00426,0.00267,42.2411,16.91816,-54.86135,1,1,1,2,3
101,6.64642,-2.53298,-4.78561,1.79239,5.73728,1.52554,0.00308,-0.00309,-0.00599,-35.75469,-16.41987,-8.2181,1,1,1,2,2
102,11.91543,-6.21908,-1.25342,1.01432,6.62316,3.20708,0.00496,-0.00442,-0.00171,24.89559,26.14876,-39.66266,1,1,1,2,2
103,1.59738,0.81147,-6.29594,3.35903,4.42792,-0.02051,0.00113,-0.001,-0.00946,-21.14935,-11.44471,-13.88738,1,1,1,2,4
104,-8.44311,4.17281,0.07187,13.47627,-3.15352,2.077,-0.00455,0.0036,-705,-54.1807,4.22944,-2.91939,2,2,1,2,1
105,-0.76074,-2.2801,-5.85756,3.52134,4.88011,-0.27034,0.00063,-0.00176,-0.00678,-29.01914,3.09492,-8.98597,1,1,1,2,3
106,-0.78105,1.81884,-2.09856,4.69411,3.5281,-0.37183,-0.00039,-0.00019,-0.00768,-28.99179,39.59629,56.60738,1,1,1,2,2
107,-8.44311,4.17281,0.07187,13.47627,-3.15352,2.077,-0.00455,0.0036,-705,-5.86983,24.63302,27.11358,2,2,1,2,3
108,5.97915,-3.49402,-6.17848,1.58727,5.23823,1.02271,0.00275,-0.00289,-0.00704,-7.28505,-2.01427,-21.30691,1,1,1,2,1
109,-9.30897,4.50398,-0.12325,13.47627,-3.15352,2.077,-0.00455,0.00359,-705,-75.19143,-10.93943,3.46094,2,2,1,2,3
110,8.61265,-5.92671,-1.56172,1.02325,5.33877,2.23572,0.00398,-0.00417,-0.00401,20.91236,24.2195,-24.85091,1,1,1,2,2
111,7.10951,-5.24996,-6.89497,1.80739,5.79759,1.37455,0.00276,-0.00397,-0.00544,1.74591,7.91626,-26.61836,1,1,1,2,3
112,-1.26844,-2.13276,-8.28114,3.12176,3.63865,0.51314,0.00084,-0.00121,-0.00687,-21.99079,-20.56043,-37.28488,1,1,1,2,1
113,-8.44311,4.17281,0.07187,13.47627,-3.15352,2.077,-0.00455,0.0036,-705,12.67073,0.42105,14.28513,2,2,1,2,2
114,11.84194,-9.89903,3.19783,0.6857,6.44436,3.47825,0.0053,-0.00568,0.00152,28.82305,-66.55054,55.25168,1,1,1,1,2
115,-9.94434,4.75579,-0.25405,12.63859,-3.01018,1.93201,-0.00447,0.00341,0.00052,-66.12718,9.08521,26.17184,2,1,1,2,4
116,-5.87276,5.84437,-3.27909,8.06519,-0.62991,0.9065,-0.00272,0.00268,-0.00359,-35.33498,45.61316,2.15625,1,1,1,2,1
117,11.51836,-10.20281,0.31642,0.83225,6.06654,2.82663,0.0049,-0.00563,-0.00037,51.72529,29.45101,-46.95074,1,1,1,2,1
118,11.95358,-7.70423,-2.11589,0.65772,5.76649,3.09584,0.00491,-0.00532,-0.00072,45.20316,15.09304,-32.85632,1,1,1,2,2
119,10.73614,-9.45175,0.61519,0.80856,6.07991,2.91037,0.0049,-0.00582,0.00014,44.741,24.13637,-20.25341,1,1,1,2,2
120,-8.44311,4.17281,0.07187,13.47627,-3.15352,2.077,-0.00455,0.0036,-705,50.29582,18.54802,5.27388,2,2,1,2,4
121,3.73718,-2.66427,-6.15818,2.50694,4.80243,0.44684,0.00156,-0.00273,-0.00811,-3.30853,-14.83522,-35.91518,1,1,1,2,1
122,-0.41263,0.93929,-5.23296,4.1817,3.43082,0.12591,0.00011,-0.00074,-0.00854,-28.10062,-32.27852,-20.36224,1,1,1,2,1
123,9.61451,-8.06683,-0.64219,1.08151,6.68968,2.18947,0.00406,-0.00564,-0.00362,68.51435,-68.96316,9.57384,1,1,1,2,1
124,3.19387,-3.85118,-6.82088,1.95279,5.3963,0.53344,0.00195,-0.00312,-0.00748,-1.7626,-12.04456,-48.25519,1,1,1,2,1
125,-5.72803,3.30697,-1.2483,9.56907,0.84899,-0.38335,-0.00285,0.00083,-0.00383,29.09814,31.99506,54.21694,1,1,1,2,2
126,7.53668,-7.6494,-1.16773,1.30775,5.92071,1.68922,0.00368,-0.00548,-0.00315,36.12964,-3.36192,-49.5106,1,1,1,2,4
127,8.68804,-9.34447,-0.81008,1.27744,6.65593,2.05832,0.004,-0.00649,-0.00139,40.21566,35.33582,-33.68236,1,1,1,2,1
128,-9.3358,4.43945,0.16937,13.24321,-3.0675,1.97054,-0.00453,0.00352,0.00023,-4.18844,-1.48003,34.81211,2,4,1,2,3
129,-5.10132,4.23147,-4.03313,6.89965,1.80815,-0.72317,-0.0021,0.00035,-0.00524,-45.74296,34.19727,26.46162,1,1,1,2,4
130,5.43576,-6.25346,-4.36403,1.89706,6.61228,0.71373,0.00281,-0.00534,-0.00476,12.30066,-7.08443,-38.65721,1,1,1,2,1
131,6.94216,-8.02632,-2.42796,1.16635,7.23083,1.14079,0.00329,-0.00668,-0.00198,24.65996,4.19169,-35.45199,1,1,1,2,3
132,-0.58383,-0.25909,-4.92393,4.48106,4.25762,-0.65703,-0.00031,-0.00175,-0.00765,11.27638,30.81341,13.21899,1,1,1,2,4
133,1.61699,-2.1042,-4.67367,3.60824,5.3239,0.01834,0.00109,-0.00358,-0.00624,8.08716,18.40832,-6.85941,1,1,1,2,2
134,3.81287,-6.04501,-1.24206,3.20883,6.03527,0.02899,0.002,-0.00495,-0.00487,24.32706,22.65416,-7.23028,1,1,1,2,2
135,-6.32732,1.6554,-1.58101,8.79609,1.08039,-0.62784,-0.00238,205,-0.00318,-53.57948,-16.87945,-47.1286,1,1,1,2,2
136,5.7993,-6.92945,-3.59032,1.98568,6.34788,0.69015,0.00281,-0.00559,-0.00478,18.29845,5.62236,-15.30135,1,1,1,2,2
137,5.86252,-8.72905,-0.40077,1.72437,7.15345,1.109,0.0034,-0.00669,-0.00219,32.98802,8.93707,-18.30827,1,1,1,2,2
138,3.88047,-6.82019,-3.64955,2.79203,6.79705,-0.92431,0.00197,-0.00605,-0.00397,15.8091,-18.83992,-56.95544,1,1,1,2,2
139,6.11809,-9.44664,0.28443,1.29851,6.80919,0.48285,0.00335,-0.00739,-0.00015,39.85979,-1.88423,-29.9603,1,1,1,2,4
140,7.76376,-11.05742,3.50059,1.14938,6.91877,0.84598,0.00372,-0.00807,0.00209,30.86408,-6.34878,-20.33899,1,1,1,2,2
141,1.48904,-6.08208,-5.54012,2.72644,6.06277,-0.86996,0.00125,-0.00505,-0.00483,12.52919,-16.72526,-20.70243,1,1,1,2,1
142,0.01134,-2.09106,-0.3958,4.59963,4.72869,-1.79688,705,-0.0037,-0.00351,49.69268,41.40402,7.24519,1,1,1,2,2
143,-5.30099,1.37466,-1.35203,6.5417,3.69574,-2.17191,-0.00163,-0.00188,-0.00347,31.69258,44.85512,40.75302,1,1,1,2,2
144,-3.9296,0.58653,-3.45332,6.39449,3.31042,-1.03961,-0.00123,-0.00121,-0.00697,-39.02365,-32.8733,-37.71101,1,1,1,2,1
145,-6.3186,-0.94418,-2.85632,7.74628,2.57058,-1.03654,-0.00207,-0.00101,-0.00355,-33.19816,-55.96734,-17.23898,1,1,1,2,2
146,0.19282,-4.42439,-7.8111,3.231,5.89074,-1.09648,0.00053,-0.00399,-0.00706,-6.06336,-23.54846,-17.79052,1,1,1,2,1
147,1.483,-5.40265,-4.04838,3.34387,6.62512,-1.77409,0.00095,-0.00532,-0.00524,-49.04539,110.90808,-0.86755,1,1,1,1,1
148,2.38164,-9.39735,-1.58035,1.88132,6.63038,-1.45286,0.00163,-0.00662,-0.00167,7.9945,-32.8873,-64.93238,1,1,1,2,3
149,-1.64774,-5.48475,-4.77238,4.17669,6.02926,-2.28514,0.00059,-0.00493,-0.00453,-4.72678,-36.20438,-44.72371,1,1,1,2,2
150,-1.46564,-3.14161,-7.7615,4.36375,4.98399,-1.21357,-605,-0.00351,-0.00603,5.24339,-9.93807,-6.28348,1,1,1,2,1
151,2.90275,-10.53594,2.4322,1.44585,6.91319,-1.70878,0.00221,-0.0082,0.00114,69.18643,-23.68086,34.74306,1,1,1,2,3
152,-8.44311,4.17281,0.07187,13.47627,-3.15352,2.077,-0.00455,0.0036,-705,-63.19747,21.99394,-7.5643,2,2,1,2,1
153,-4.4952,-1.77445,-3.268,6.96663,3.87166,-2.52123,-0.00133,-0.00253,-0.00404,14.01727,12.70585,34.20139,1,1,1,2,4
154,-0.38004,-5.09152,-6.94208,4.69442,6.0019,-1.64956,0.00041,-0.00482,-0.00538,-77.992,7.63527,-26.58693,1,1,1,2,1
155,-2.32852,-2.55546,-4.31295,4.35871,5.86157,-2.44689,-0.00032,-0.00387,-0.00491,-16.04921,-87.551,10.96098,1,1,1,2,3
156,-3.57468,0.43922,-3.96517,6.97617,3.09992,-1.00161,-0.00138,-0.00125,-0.00734,1.18723,-34.17479,114.23031,1,1,1,1,1
157,1.78883,-9.91309,-1.16299,1.99805,6.56012,-2.03446,0.00171,-0.00748,-0.00111,38.74678,-27.90978,-25.43493,1,1,1,2,4
158,-8.44311,4.17281,0.07187,13.47627,-3.15352,2.077,-0.00455,0.0036,-705,48.03298,-26.67594,-54.53114,2,2,1,2,4
159,2.08948,-10.26224,-0.92082,2.5336,6.79471,-2.1885,0.00166,-0.00717,-0.00127,28.33477,-24.37489,-40.43382,1,1,1,2,1
160,2.07585,-10.18871,-1.07209,2.73741,6.80519,-1.92906,0.00162,-0.00718,-0.00114,18.01467,-31.5292,-37.56149,1,1,1,2,1
161,-6.74674,2.67155,-3.13069,9.51895,0.26448,0.03353,-0.00307,0.0007,-0.0022,-12.84038,-9.97416,4.52289,1,1,1,2,1
162,-9.30332,4.58265,-0.1795,13.20525,-3.16052,2.04594,-0.00453,0.00361,-105,-77.44808,12.84202,10.08687,2,4,1,2,4
163,3.21765,-10.86484,2.05086,2.04986,7.36495,-2.17047,0.00196,-0.00832,0.00188,10.75002,-49.24958,-54.29914,1,1,1,2,2
164,0.03691,-10.46072,-2.54712,3.10312,6.75691,-2.52616,0.00101,-0.00673,-0.0005,-56.85909,-20.52014,14.70219,1,1,1,2,1
165,2.32893,-10.55894,3.90381,2.09451,7.35203,-2.37034,0.0019,-0.00864,0.00389,24.78949,-46.32112,-51.86454,1,1,1,2,3
166,-1.33096,-8.8447,-2.6365,4.12804,6.84261,-3.19332,0.00052,-0.00649,-0.00069,10.05554,-52.1136,-33.90883,1,1,1,2,3
167,-4.41906,-4.18985,-3.68399,5.67288,5.89129,-3.44102,-0.00106,-0.00374,-0.00268,-14.14006,-46.78716,-29.48998,1,1,1,2,3
168,-8.44311,4.17281,0.07187,13.47627,-3.15352,2.077,-0.00455,0.0036,-705,-29.1362,-3.08853,14.49407,2,2,1,2,3
169,-2.87798,-5.04856,-4.4068,5.68174,5.97198,-3.34923,-0.00057,-0.00462,-0.00315,-70.92726,-6.55424,-38.02274,1,1,1,2,3
170,-8.44311,4.17281,0.07187,13.47627,-3.15352,2.077,-0.00455,0.0036,-705,27.06415,11.09104,9.11102,2,2,1,2,2
171,-2.09118,-8.03844,-2.09283,4.61653,6.87054,-3.68111,-0.00013,-0.00588,-0.00084,37.50672,92.67723,208.16112,1,1,1,1,3
172,1.69896,-10.14185,2.07641,2.51691,7.35688,-3.31271,0.00149,-0.00849,0.00312,34.99441,-43.4878,-35.64934,1,1,1,2,1
173,-3.12313,-3.94792,-4.0126,6.0361,5.20672,-2.86593,-0.00062,-0.00441,-0.00382,18.6129,-34.74943,-12.05404,1,1,1,2,4
174,-5.46667,1.32206,-2.29623,8.65558,1.77361,-1.55746,-0.00242,-0.00103,-0.00274,-47.21362,65.79876,5.7889,1,1,1,2,1
175,-1.51491,-8.55537,-2.62308,3.88049,6.43373,-3.27823,0.0004,-0.00638,-0.00119,74.4297,-6.86812,-41.54039,1,1,1,2,1
176,-3.61123,-5.27487,-2.4701,5.57084,5.92182,-3.62672,-0.00076,-0.0045,-0.00236,4.02527,-39.58732,-21.42438,1,1,1,2,1
177,-0.11475,-11.24196,5.75063,2.27965,6.79175,-3.62367,0.0012,-0.0086,0.00545,72.87319,21.01524,-22.19964,1,1,1,2,3
178,-1.40213,-10.03528,0.71064,2.64292,6.14972,-3.26921,0.00092,-0.00785,0.00309,34.0015,-57.85982,-27.08605,1,1,1,2,1
179,-2.91277,-9.3004,0.27649,3.98239,6.66614,-4.2062,0.00031,-0.00726,0.00213,36.28109,-45.2256,-14.28442,1,1,1,2,3
180,-1.67304,-11.41309,3.23295,2.38631,6.18571,-3.43661,0.00108,-0.00861,0.00625,-9.67877,-51.92084,81.33843,1,1,1,2,1
181,-8.44311,4.17281,0.07187,13.47627,-3.15352,2.077,-0.00455,0.0036,-705,28.27582,111.21181,179.91711,2,2,1,1,3
182,-4.67052,-5.76964,-1.29427,5.94219,5.13697,-3.62834,-0.00097,-0.00455,-0.00075,-0.07421,-57.8598,-21.35205,1,1,1,2,2
183,-5.69088,-0.16857,0.17682,9.41452,2.20064,-2.01004,-0.00259,-0.00099,-0.00182,17.81754,36.60658,32.05543,1,1,1,2,2
184,-1.13518,-11.81697,6.07906,2.4216,5.86928,-3.70517,0.00092,-0.00852,0.00723,52.5783,-46.24507,-25.30199,1,1,1,2,3
185,-2.84982,-9.7049,3.13937,3.28075,6.0402,-3.59462,0.00056,-0.0075,0.00498,48.1942,-58.13769,-39.94588,1,1,1,2,4
186,-7.01904,-0.03603,-1.61033,9.14834,2.40892,-2.46444,-0.00257,-0.00136,-0.00142,15.26946,0.04497,38.88739,1,1,1,2,4
187,-4.45282,-4.30449,1.87316,6.69871,4.48322,-3.77051,-0.00128,-0.00421,0.00166,36.91566,61.39278,-47.30386,1,1,1,1,2
188,-5.90107,-2.96043,-2.03599,7.56015,4.05933,-3.51257,-0.00174,-0.00315,-0.00072,5.02302,-29.28678,0.84551,1,1,1,2,2
189,-9.31832,4.50706,0.03092,13.07003,-2.96026,1.91151,-0.00452,0.00351,0.00017,-58.90629,-57.32596,-10.52803,2,3,1,1,3
190,-6.57721,-3.914,-3.04793,6.58806,4.62123,-3.6462,-0.0015,-0.0037,-0.00047,3.82643,-49.0974,-3.15441,1,1,1,2,1
191,-5.4527,-2.27375,1.83405,6.85409,4.73765,-3.93313,-0.00143,-0.00389,605,53.3451,27.06256,31.39652,1,1,1,2,2
192,-5.77096,-6.23762,2.59237,6.13972,5.04257,-4.05837,-0.00099,-0.00488,0.00183,55.03493,-1.76046,48.41398,1,1,1,2,2
193,-5.17597,-5.78516,-1.43646,6.08437,5.26442,-4.4168,-0.00119,-0.00471,0.00086,-58.0098,-38.76908,-29.34831,1,1,1,2,3
194,-6.94029,-4.31058,-0.37819,6.29783,5.18345,-4.29076,-0.00143,-0.00418,0.00084,27.14998,-19.94508,31.90764,1,1,1,2,2
195,-7.29602,2.92178,-3.05334,10.74169,-0.53961,0.11876,-0.0036,0.00151,-0.00163,-56.49778,6.73298,-26.37671,1,1,1,2,1
196,-4.05265,-9.42077,4.85193,3.49325,6.17206,-4.84361,-0.00015,-0.00734,0.00672,-63.236,46.77884,3.31265,1,1,1,1,1
197,-8.28019,-4.15526,-2.9571,7.10309,4.32545,-3.57393,-0.00198,-0.00294,0.00063,22.77444,-23.07373,12.00084,1,1,1,2,3
198,-6.14662,-3.71976,-1.41875,7.30168,4.07684,-3.61713,-0.00193,-0.00295,0.00018,35.82807,-16.32096,52.88127,1,1,1,2,1
199,-4.50504,-8.62748,4.90838,4.16951,5.97033,-4.72311,-0.00045,-0.00665,0.00561,49.29372,-39.0132,-1.30864,1,1,1,2,1
200,-5.9984,-7.23341,2.30368,4.87327,5.87664,-4.7816,-0.00074,-0.00586,0.00448,46.49932,-30.46042,29.14682,1,1,1,2,3
201,-6.34029,0.23012,0.41015,9.57216,2.75659,-2.93076,-0.00275,-0.0013,-0.00083,9.13509,-109.39725,-9.34786,1,1,1,1,2
202,-6.19424,-6.92786,4.24106,5.42315,5.48719,-4.93414,-0.00107,-0.0055,0.00515,-32.84532,-55.9516,-42.47837,1,1,1,2,3
203,-6.43068,-6.9502,3.92896,4.98552,5.22835,-5.05118,-0.00117,-0.00539,0.0054,17.54938,-63.23186,-73.14324,1,1,1,2,3
204,-8.18853,-6.3073,2.84583,5.80402,4.75453,-4.53843,-0.00163,-0.00429,0.00411,37.52774,-32.12898,11.38442,1,1,1,2,3
205,-7.2023,-3.902,-0.5953,7.90929,3.36253,-3.37095,-0.00234,-0.00228,0.00083,-30.36227,70.48278,87.52384,1,1,1,1,1
206,-9.00712,-0.60988,-1.25325,8.73154,1.84801,-2.29194,-0.00282,-0.00104,0.0003,16.69968,-41.15428,13.14931,1,1,1,2,1
207,-7.47508,-7.70264,4.10287,4.43637,5.34105,-4.59443,-0.00087,-0.00574,0.00722,11.31899,47.98202,54.02302,1,1,1,2,4
208,-8.44311,4.17281,0.07187,13.47627,-3.15352,2.077,-0.00455,0.0036,-705,43.8814,-10.46942,16.59196,2,2,1,2,1
209,-8.44311,4.17281,0.07187,13.47627,-3.15352,2.077,-0.00455,0.0036,-705,-54.99604,21.1493,12.85065,2,2,1,2,4
210,-7.368,-1.79164,-0.79844,8.96074,3.08921,-3.19677,-0.00256,-0.00176,0.00068,-56.66562,47.79996,40.87055,1,1,1,2,2
211,-9.0752,-5.55592,1.14656,6.53533,4.32559,-4.33038,-0.00175,-0.00407,0.00369,33.8795,-48.58112,20.02041,1,1,1,2,1
212,-9.32592,-4.45862,2.52361,6.06836,3.93854,-3.7625,-0.00185,-0.0034,0.00361,27.16599,-56.48824,2.60667,1,1,1,2,4
213,-8.20338,-6.49314,5.14027,5.07074,4.79421,-4.72162,-0.00146,-0.00496,0.00668,52.955,-46.6585,17.96064,1,1,1,2,3
214,-9.24831,-2.75756,-2.04664,8.35229,2.66268,-2.90351,-0.00255,-0.00169,0.00112,-66.2713,-32.1414,40.68013,1,1,1,1,1
215,-6.52655,0.58469,1.39422,9.36435,2.65898,-2.889,-0.00293,-0.00103,0.00037,72.10067,25.18412,11.30735,1,1,1,2,3
216,-9.3247,4.52875,0.01347,13.25204,-3.07374,2.00537,-0.00452,0.00355,0.00012,-60.40308,3.13442,62.05045,2,4,1,2,2
217,-6.70712,-8.39975,6.45658,4.86833,4.07036,-4.56534,-0.00143,-0.00515,0.00834,48.2716,-60.10592,5.66576,1,1,1,2,3
218,-8.44311,4.17281,0.07187,13.47627,-3.15352,2.077,-0.00455,0.0036,0,-11.39867,2.71612,-58.56616,2,2,1,2,3
219,-10.35952,3.49183,-0.12893,12.29751,-1.92051,0.92069,-0.00424,0.00274,0.00016,-54.49116,-14.37451,-15.06674,2,1,1,2,4
220,-10.04148,-3.03462,1.79672,6.99512,3.20847,-3.41273,-0.00219,-0.00261,0.00283,47.11016,-72.28432,29.50977,5,1,1,2,4
221,-8.48757,-9.00677,9.0048,3.63418,3.67342,-4.06614,-0.00109,-0.00548,0.01122,42.62218,-74.67824,-0.94375,1,1,1,2,4
222,-9.79764,-4.34968,3.70378,6.18479,3.53724,-3.86068,-0.00192,-0.00347,0.00575,30.82232,-69.40159,16.97982,1,1,1,2,2
223,-8.60469,-7.93111,7.72209,4.56533,4.10976,-4.58061,-0.00147,-0.00473,0.00995,-46.93999,25.80999,66.17102,1,1,1,2,2
224,-10.55853,-6.03019,4.50907,5.40499,3.76208,-4.13067,-0.00176,-0.00397,0.00814,42.82802,-53.77732,37.5469,1,1,1,2,2
225,-9.93188,-5.42441,5.17073,5.82213,3.56219,-4.09884,-0.00197,-0.00361,0.00825,69.3291,-43.66495,-8.65264,1,1,1,2,2
226,-10.40623,-3.29645,3.9962,6.56128,3.24219,-3.82299,-0.0023,-0.00278,0.00598,11.86376,-63.81338,14.77653,1,1,1,2,1
227,-10.39187,-1.76482,2.31707,8.27415,2.67349,-3.30006,-0.00289,-0.00126,0.00328,-6.35058,-58.73876,18.70227,5,1,1,2,2
228,-8.92534,-0.21948,2.65202,8.45698,2.23005,-3.03128,-0.00307,-0.00077,0.00326,-15.53281,-57.52776,8.72374,1,1,1,2,2
229,-8.68339,3.87948,0.35453,13.30549,-3.04299,1.93368,-0.0045,0.00344,0.00022,-19.67586,-10.98747,57.21241,2,4,1,2,2
230,-8.44311,4.17281,0.07187,13.47627,-3.15352,2.077,-0.00455,0.0036,0,-21.23596,15.5889,40.35684,2,2,1,2,4
231,-10.0124,4.36227,0.47785,12.81158,-2.82006,1.7225,-0.00443,0.00321,0.00088,-45.91872,-48.48114,42.08656,2,1,1,1,1
232,-9.35088,4.29464,0.24479,12.96466,-2.99035,1.89136,-0.00448,0.00334,0.00049,-28.54514,-24.17677,47.60246,2,3,1,2,3
233,-8.44311,4.17281,0.07187,13.47627,-3.15352,2.077,-0.00455,0.0036,0,-25.85114,23.56811,24.34994,2,2,1,2,4
234,-7.71595,2.23578,-0.57777,12.0988,-0.58787,-0.49775,-0.00391,0.00163,-0.00021,-88.08648,-10.62458,35.29807,2,1,1,1,1
235,-8.85957,2.3925,-0.31887,11.64402,-0.63999,-0.30897,-0.00394,0.00171,0.00047,-3.10406,-12.28201,17.00292,2,1,1,2,1
236,-7.56647,1.4241,-0.24037,11.0597,0.90342,-1.79669,-0.00362,0.00076,0.00061,6.65789,-24.93603,29.32564,2,1,1,2,2
237,-10.24733,-1.72249,2.5354,8.48442,2.18315,-2.94829,-0.00301,-0.001,0.00368,23.43854,-39.82242,42.36222,5,1,1,2,3
238,-9.98598,-1.20642,0.25347,9.41376,1.95664,-2.76166,-0.00313,-0.00054,0.00212,-16.94674,-36.64364,2.51979,6,1,1,2,2
239,-10.01953,4.34973,0.53049,12.74306,-2.84455,1.75446,-0.00446,0.00325,0.00084,-8.04962,-27.32492,91.47769,2,1,1,2,3
240,-7.91268,0.98521,-0.52687,11.26327,0.74151,-1.73224,-0.0036,0.00068,0.00085,-25.76513,-39.82834,15.57575,2,1,1,2,2
241,-10.55364,-2.52077,0.8397,9.28235,2.24406,-3.17254,-0.003,-0.00118,0.00399,55.50683,1.60623,129.65532,6,1,1,1,1
242,-8.44311,4.17281,0.07187,13.47627,-3.15352,2.077,-0.00455,0.0036,0,155.32849,32.7974,17.01537,2,2,1,1,2
243,-8.65139,2.00468,0.16588,11.29317,-0.48626,-0.60277,-0.00378,0.00127,0.00097,-21.53046,-20.81428,23.71254,2,1,1,2,1
244,-10.75989,-1.80938,0.59822,9.42464,1.49867,-2.60379,-0.00315,-0.00066,0.00383,-4.23022,-37.62407,20.2261,6,1,1,2,3
245,-8.44686,3.48623,-0.45217,13.08169,-2.45837,1.34412,-0.00437,0.00305,-0.00019,-31.07607,16.36728,7.25073,2,1,1,2,2
246,-8.86469,-1.10112,0.87099,10.18694,1.56073,-2.5901,-0.00328,-0.00038,0.00265,13.4008,-62.85226,34.17367,6,1,1,2,3
247,-8.85873,-0.65389,0.8233,10.13539,1.6084,-2.53998,-0.00329,-0.00028,0.00267,8.40096,-47.58922,31.43211,6,1,1,2,2
248,-11.20828,-0.17986,0.35887,9.78811,1.01027,-2.03111,-0.00342,0.00012,0.00244,-7.41773,-26.59698,41.33612,6,1,1,2,4
249,-7.67809,1.79229,0.12354,11.6967,0.20822,-1.22876,-0.00378,0.00122,0.00063,2.26804,-79.90811,-53.02235,2,1,1,2,2
250,-7.72349,2.24006,-0.53225,12.04591,-0.72234,-0.43349,-0.00394,0.00168,0,67.9145,-25.78772,11.40585,2,1,1,2,1
251,-11.05235,-1.73247,2.65622,8.25972,1.5378,-2.60915,-0.00307,-0.00097,0.00528,-0.86391,-63.26686,44.27426,5,1,1,2,1
252,-11.87829,0.95363,1.42564,8.09595,1.52982,-2.39179,-0.00317,-0.0004,0.00464,-8.11603,-45.21485,44.19288,1,1,1,2,4
253,-7.70724,1.71667,0.24165,11.43161,0.47361,-1.47179,-0.00374,0.00106,0.00103,-20.51202,-43.49296,30.59828,2,1,1,2,2
254,-8.44311,4.17281,0.07187,13.47627,-3.15352,2.077,-0.00455,0.0036,0,-15.29582,7.71674,20.37845,2,2,1,2,2
255,-11.6317,-1.92337,4.25651,6.90475,1.13153,-2.28384,-0.00293,-0.00116,0.00783,-2.37899,-73.31664,0.91278,5,1,1,2,3
256,-11.17904,-1.54343,3.5978,8.41337,0.61357,-1.91908,-0.00324,-0.00045,0.00585,-1.04542,-56.35518,61.48867,5,1,1,2,3
257,-11.2434,-0.78375,3.32536,9.24229,0.19665,-1.35102,-0.00335,-0.0001,0.00518,-20.6458,-59.81112,51.76667,5,1,1,2,2
258,-8.30521,3.1359,-0.30426,13.05666,-2.57867,1.42794,-0.00436,0.00301,0.00011,41.43212,8.62315,69.67148,2,1,1,2,4
259,-8.44311,4.17281,0.07187,13.47627,-3.15352,2.077,-0.00455,0.0036,0,-47.00849,0.47318,13.37518,2,2,1,2,4
260,-8.50311,2.85569,0.21198,12.44569,-1.61458,0.47174,-0.00409,0.00209,0.0009,17.07944,14.88132,77.3839,2,1,1,2,3
261,-11.93275,1.84735,0.97464,9.2569,-0.00485,-1.154,-0.00353,0.00047,0.00395,5.38706,-39.87111,52.76072,1,1,1,2,4
262,-11.07095,2.02927,0.30169,10.93582,-0.59602,-0.59281,-0.00386,0.00144,0.00207,47.35838,54.65018,29.8157,1,1,1,2,2
263,-12.68602,-0.11729,3.80669,6.88556,-0.11735,-1.01132,-0.0032,-0.00015,0.00745,13.11671,-12.79206,74.2336,1,1,1,2,2
264,-11.07953,2.26425,0.29949,10.93484,-0.94128,-0.31794,-0.0039,0.00161,0.00228,20.199,5.2211,58.86212,2,1,1,2,3
265,-8.44311,4.17281,0.07187,13.47627,-3.15352,2.077,-0.00455,0.0036,0,0.39926,12.58846,13.21033,2,2,1,2,3
266,-12.01525,1.46113,3.25809,9.16615,-0.3906,-0.84317,-0.00367,0.00077,0.00485,-75.4974,-21.33836,-17.96492,1,1,1,2,3
267,-8.26886,2.92309,-0.2617,13.1095,-2.381,1.23606,-0.00433,0.00288,0,11.37224,25.85852,61.225,2,1,1,2,2
268,-12.8356,2.11683,2.79273,8.06776,-0.48754,-0.67857,-0.00353,0.00064,0.0061,-6.96028,-30.35897,66.2943,1,1,1,2,3
269,-9.3233,4.52897,-0.04913,13.16642,-3.11332,2.074,-0.00453,0.00354,0.00012,-67.34436,-6.73899,34.89731,2,4,1,2,3
270,-12.87392,0.39781,5.93894,7.19891,-0.27153,-0.78319,-0.00337,0.00026,0.0078,5.45489,-24.22312,66.40346,1,1,1,2,3
271,-9.295,4.57322,-0.17288,13.00924,-3.21911,2.16461,-0.00455,0.00359,0,-40.01117,7.94819,29.91902,2,1,1,2,3
272,-8.44311,4.17281,0.07187,13.47627,-3.15352,2.077,-0.00455,0.0036,0,36.55852,20.72138,19.94276,2,2,1,2,3
273,-12.03963,3.46681,2.74842,9.78009,-1.0696,-0.13619,-0.00385,0.00134,0.00438,-8.22346,-15.79971,75.93848,1,1,1,2,3
274,-11.1766,4.6435,0.96812,10.86319,-1.99086,0.90444,-0.00417,0.00248,0.0023,-24.74996,-7.65222,76.58403,2,1,1,2,1
275,-11.69055,4.04751,2.11101,10.86967,-1.783,0.74215,-0.00396,0.00188,0.00361,-19.00493,12.40692,67.40036,2,1,1,2,2
276,-12.32973,4.69101,1.56226,8.96447,-1.48102,0.45575,-0.00391,0.0019,0.00449,-46.91998,-14.55325,36.9053,2,1,1,2,1
277,-10.44571,4.74306,0.38273,11.96482,-2.58862,1.5872,-0.00439,0.00308,0.00118,-10.16688,36.38641,47.18465,2,1,1,2,1
